pin,registration_date,county,sector,is_active
P555186988A,2023-09-17,Mombasa,Financial Services,True
P551046340A,2021-02-27,Mombasa,Financial Services,True
P362688153A,2022-06-17,Kisumu,Retail,False
P823965886A,2022-06-08,Mombasa,Manufacturing,False
P999413999A,2024-12-09,Nairobi,Retail,True
P563905629A,2023-08-22,Nakuru,Financial Services,True
P511436280A,2021-06-08,Nairobi,Construction,True
P470644470A,2022-05-12,Nairobi,Financial Services,True
P172698312A,2021-04-29,Mombasa,Financial Services,True
P158038699A,2024-04-27,Nairobi,Hospitality,True
P915019626A,2020-11-14,Mombasa,Manufacturing,True
P493231213A,2024-06-03,Nairobi,Construction,True
P152298879A,2020-09-30,Mombasa,Hospitality,True
P337806577A,2024-02-15,Mombasa,Retail,True
P419005150A,2020-02-01,Nairobi,Financial Services,False
P977809367A,2024-01-12,Nyeri,Hospitality,True
P157888959A,2024-04-22,Kilifi,Manufacturing,True
P792747461A,2022-02-18,Nairobi,Manufacturing,True
P598760266A,2023-04-14,Kisumu,Financial Services,True
P224512833A,2022-05-11,Mombasa,Hospitality,True
P970568745A,2024-03-24,Uasin Gishu,ICT,False
P186885245A,2021-11-20,Nairobi,Construction,True
P113683197A,2021-04-28,Machakos,ICT,True
P272234894A,2023-06-29,Uasin Gishu,Construction,True
P778594939A,2023-04-11,Kajiado,Manufacturing,True
P682906319A,2022-03-29,Kilifi,Retail,True
P127800329A,2022-03-22,Nairobi,Construction,True
P432235922A,2022-12-23,Machakos,Construction,True
P443360631A,2020-02-29,Machakos,Construction,False
P987157684A,2024-10-15,Kilifi,Financial Services,True
P732424182A,2024-12-22,Nairobi,ICT,True
P582795718A,2022-01-14,Nairobi,Hospitality,True
P925234268A,2024-08-09,Uasin Gishu,Retail,True
P445792169A,2023-05-16,Nyeri,Manufacturing,True
P717582666A,2024-01-04,Machakos,Construction,True
P736119078A,2022-09-05,Mombasa,Financial Services,True
P193934332A,2020-08-02,Nakuru,ICT,True
P882903324A,2020-02-17,Nairobi,Construction,True
P801811622A,2024-09-28,Kilifi,Financial Services,False
P797427503A,2022-01-01,Mombasa,ICT,True
P291628405A,2021-06-23,Kiambu,ICT,True
P381410525A,2021-12-11,Nairobi,Manufacturing,True
P606097588A,2020-03-22,Machakos,Construction,True
P186294464A,2020-12-15,Kisumu,Hospitality,True
P624227058A,2021-09-30,Mombasa,ICT,True
P878033755A,2023-11-07,Nairobi,ICT,True
P226223674A,2022-05-02,Uasin Gishu,ICT,False
P555182974A,2024-07-07,Kiambu,ICT,True
P129139723A,2022-02-21,Kisumu,ICT,True
P185937346A,2020-10-21,Nairobi,Manufacturing,True
P305502754A,2024-01-16,Machakos,Construction,False
P736862324A,2021-03-09,Nairobi,Financial Services,True
P922195837A,2023-03-01,Nairobi,Construction,True
P776535125A,2024-12-23,Nairobi,Hospitality,True
P517671380A,2020-11-26,Nyeri,Retail,True
P750529310A,2022-08-20,Nairobi,Retail,True
P225987244A,2022-10-23,Nakuru,ICT,True
P860428469A,2022-03-15,Nakuru,Financial Services,True
P684177912A,2021-11-06,Machakos,Construction,True
P387930239A,2024-11-04,Nairobi,Financial Services,True
P749018400A,2022-09-04,Nairobi,Construction,True
P543027797A,2020-04-11,Nakuru,Retail,True
P610821027A,2020-07-03,Nairobi,Financial Services,True
P876544176A,2022-11-25,Kiambu,ICT,True
P334775342A,2023-06-08,Kajiado,Hospitality,True
P794909985A,2020-06-15,Mombasa,Retail,True
P333750322A,2022-01-28,Nairobi,Hospitality,True
P437183406A,2023-01-05,Kiambu,Financial Services,True
P200118267A,2024-08-14,Kisumu,Manufacturing,False
P477455974A,2024-10-12,Nairobi,Retail,False
P328865406A,2022-04-06,Mombasa,Hospitality,True
P372500498A,2023-06-17,Kiambu,Construction,True
P565449273A,2022-12-22,Nairobi,ICT,True
P646795567A,2020-10-11,Nakuru,Retail,False
P409806132A,2024-08-01,Nairobi,ICT,False
P679638747A,2021-08-27,Nairobi,Financial Services,True
P948865356A,2022-10-17,Nairobi,Manufacturing,True
P190239510A,2020-08-10,Nairobi,Hospitality,True
P120389822A,2023-03-28,Nairobi,Manufacturing,False
P678689218A,2023-11-26,Uasin Gishu,Retail,True
P585376481A,2024-10-27,Nakuru,Retail,True
P687644799A,2022-01-09,Kajiado,ICT,False
P494964864A,2023-06-09,Nakuru,Manufacturing,False
P932144792A,2023-08-30,Nairobi,Financial Services,True
P923023247A,2020-12-22,Kajiado,Retail,True
P912138511A,2020-02-27,Mombasa,Hospitality,True
P609205714A,2021-10-05,Mombasa,Financial Services,False
P398279209A,2022-05-03,Nairobi,Construction,True
P442882739A,2020-08-20,Nairobi,Financial Services,True
P395816388A,2021-08-01,Nairobi,Hospitality,True
P621890121A,2023-05-14,Mombasa,Hospitality,False
P223990203A,2024-06-01,Kajiado,Construction,True
P214283535A,2021-08-16,Nairobi,Financial Services,True
P920052012A,2020-09-23,Kilifi,Retail,True
P271867329A,2020-04-26,Nyeri,ICT,True
P793038260A,2022-03-14,Kiambu,ICT,True
P671142297A,2023-12-01,Nairobi,Financial Services,True
P294013466A,2021-09-27,Kilifi,Construction,True
P882312587A,2020-09-24,Nairobi,ICT,False
P484555477A,2021-06-19,Kilifi,Financial Services,True
P337790079A,2021-08-13,Nairobi,Retail,True
P938050780A,2023-01-10,Nairobi,Retail,True
P205199739A,2024-03-23,Kajiado,Hospitality,True
P291415305A,2023-06-15,Uasin Gishu,Retail,True
P490669662A,2021-01-18,Machakos,ICT,True
P628686461A,2024-07-22,Uasin Gishu,Manufacturing,False
P590716890A,2020-06-11,Nairobi,Construction,True
P684806296A,2020-11-13,Nairobi,Hospitality,True
P764657136A,2022-03-13,Nairobi,ICT,True
P637001905A,2021-10-10,Machakos,Retail,False
P697037904A,2020-05-24,Kiambu,Manufacturing,True
P958256812A,2024-03-03,Nairobi,Hospitality,True
P499537495A,2020-09-06,Nyeri,Construction,True
P131493806A,2020-03-15,Machakos,Hospitality,True
P425533994A,2024-01-20,Nairobi,Retail,True
P383689221A,2022-02-25,Nairobi,Construction,True
P969690695A,2022-04-16,Machakos,Hospitality,True
P972567273A,2023-10-29,Nairobi,Manufacturing,True
P123886274A,2021-09-11,Nairobi,Construction,True
P378301518A,2021-11-10,Kajiado,Financial Services,True
P811532917A,2024-06-01,Nairobi,Construction,True
P908443094A,2024-11-03,Nairobi,Hospitality,True
P656202444A,2023-05-27,Nairobi,Manufacturing,True
P934248477A,2024-02-09,Nyeri,Hospitality,False
P902815949A,2022-12-23,Kiambu,ICT,False
P258743715A,2024-08-30,Nairobi,Manufacturing,True
P706095913A,2020-04-20,Kiambu,Financial Services,True
P332718493A,2022-01-03,Nairobi,Construction,True
P333843433A,2022-09-12,Kajiado,ICT,True
P941493474A,2024-08-06,Kilifi,Manufacturing,True
P633785519A,2022-12-27,Kisumu,Hospitality,True
P438884944A,2021-04-06,Kisumu,Manufacturing,True
P130715377A,2022-05-06,Nairobi,Construction,True
P177951401A,2024-03-20,Machakos,Hospitality,True
P761646601A,2024-02-11,Kilifi,Retail,True
P134648382A,2021-02-03,Kiambu,Construction,True
P464623071A,2022-10-20,Nakuru,Financial Services,True
P128452720A,2020-01-24,Nyeri,Financial Services,False
P295531263A,2023-04-19,Nakuru,ICT,True
P692450134A,2023-04-23,Kiambu,Manufacturing,True
P657535294A,2022-07-25,Kajiado,Retail,True
P505692653A,2021-06-02,Nyeri,ICT,True
P206547813A,2024-07-16,Nairobi,Retail,True
P632553102A,2022-08-31,Nairobi,Manufacturing,True
P923675991A,2023-08-26,Machakos,Hospitality,True
P671963157A,2024-06-02,Nairobi,Manufacturing,True
P265259057A,2020-08-13,Nairobi,Financial Services,True
P405529286A,2024-11-10,Nairobi,Retail,True
P116730533A,2023-12-05,Nyeri,Hospitality,True
P313460800A,2024-08-23,Nairobi,ICT,True
P367654356A,2024-02-21,Nairobi,Hospitality,True
P744710349A,2020-05-01,Kiambu,ICT,False
P840533099A,2024-07-31,Kilifi,Construction,True
P511907810A,2021-08-26,Nyeri,Financial Services,True
P211043762A,2023-07-20,Nairobi,Hospitality,True
P432335258A,2022-07-30,Nairobi,Hospitality,False
P233142096A,2024-01-05,Kiambu,ICT,True
P226009745A,2021-04-30,Uasin Gishu,Construction,True
P156930427A,2024-12-27,Kisumu,Hospitality,True
P820315372A,2022-10-10,Nyeri,Manufacturing,True
P847267608A,2024-06-16,Kilifi,Manufacturing,True
P774591193A,2023-08-30,Mombasa,Hospitality,True
P942044408A,2023-08-15,Mombasa,Construction,True
P704091903A,2024-09-07,Machakos,Financial Services,True
P251389347A,2023-02-22,Nairobi,ICT,True
P261704780A,2024-03-25,Nakuru,Hospitality,True
P697098384A,2020-04-09,Nakuru,Financial Services,True
P220334139A,2020-08-14,Nakuru,Hospitality,True
P792213569A,2021-03-13,Nairobi,Manufacturing,False
P610304178A,2021-05-30,Mombasa,Financial Services,True
P866253279A,2021-08-18,Kajiado,Retail,True
P936980555A,2024-05-04,Nakuru,Retail,True
P629669535A,2021-08-28,Kisumu,Construction,True
P673171876A,2021-03-08,Nairobi,Financial Services,False
P417356645A,2023-05-27,Nairobi,Financial Services,True
P240893041A,2022-12-10,Nairobi,Construction,False
P983874858A,2022-10-20,Nairobi,Hospitality,True
P256981777A,2024-10-26,Nairobi,Retail,True
P305462913A,2023-01-20,Nairobi,Hospitality,True
P948916710A,2021-11-03,Nakuru,Financial Services,True
P807009846A,2024-12-22,Nairobi,Construction,True
P172740260A,2021-10-11,Mombasa,Retail,True
P704614562A,2023-07-26,Nakuru,ICT,True
P996965238A,2020-02-03,Nairobi,ICT,True
P130772327A,2023-03-17,Nyeri,Hospitality,True
P896558320A,2022-03-07,Nairobi,Retail,True
P104809764A,2021-09-14,Nairobi,ICT,False
P493207239A,2024-03-13,Kajiado,Hospitality,True
P743916549A,2023-11-01,Nairobi,Financial Services,False
P476575395A,2020-09-19,Mombasa,Hospitality,True
P417549816A,2023-04-09,Nairobi,Financial Services,True
P971344226A,2020-11-04,Kajiado,Construction,True
P573144860A,2024-09-11,Nairobi,Construction,True
P726045760A,2022-10-17,Kiambu,Manufacturing,True
P776810949A,2024-12-10,Nairobi,ICT,True
P372376037A,2021-09-20,Nairobi,Financial Services,True
P540853649A,2024-07-04,Kiambu,Construction,True
P131668682A,2021-05-21,Kiambu,Financial Services,True
P749812546A,2023-11-17,Nyeri,Manufacturing,True
P850919402A,2021-01-22,Mombasa,Hospitality,True
P380459521A,2020-07-17,Nairobi,Financial Services,True
P479639345A,2022-10-09,Machakos,Retail,True
P711882151A,2020-07-24,Kisumu,Construction,True
P412633184A,2024-07-07,Nairobi,Financial Services,True
P889515108A,2021-10-16,Nairobi,Manufacturing,False
P508452733A,2024-05-19,Nairobi,Manufacturing,True
P963024934A,2021-09-04,Kajiado,Retail,True
P518529934A,2021-08-10,Nyeri,Construction,False
P415459001A,2023-11-14,Kilifi,Financial Services,True
P444401506A,2024-07-04,Kilifi,Hospitality,False
P764188807A,2023-05-23,Nairobi,Retail,True
P347280100A,2024-06-08,Machakos,Construction,True
P374498354A,2020-06-24,Nakuru,Financial Services,True
P602782549A,2022-03-22,Nairobi,ICT,True
P886156677A,2022-02-19,Nairobi,Financial Services,True
P818776484A,2021-10-09,Nairobi,Financial Services,False
P929975234A,2020-02-25,Kajiado,Manufacturing,True
P512975867A,2021-05-16,Machakos,Manufacturing,True
P237538553A,2023-05-27,Kajiado,Financial Services,True
P210110806A,2020-11-28,Nairobi,Retail,True
P615556333A,2022-08-22,Kajiado,Hospitality,True
P495628260A,2022-01-30,Kiambu,Manufacturing,True
P372191797A,2023-09-21,Kiambu,Retail,True
P233700559A,2024-09-06,Nairobi,Hospitality,False
P575170525A,2024-05-16,Nairobi,Hospitality,True
P661734423A,2024-11-17,Kajiado,Financial Services,True
P783057861A,2022-10-27,Nairobi,Manufacturing,True
P984878972A,2021-11-03,Uasin Gishu,Hospitality,True
P102291231A,2024-07-25,Nyeri,Hospitality,True
P834703070A,2021-11-15,Machakos,Financial Services,True
P741576505A,2022-02-27,Nyeri,Hospitality,True
P304576002A,2024-11-20,Nairobi,ICT,True
P397388423A,2024-12-21,Mombasa,Retail,True
P953770639A,2023-01-23,Kiambu,Retail,False
P570305908A,2020-01-07,Mombasa,Hospitality,True
P493676877A,2023-07-24,Nyeri,Manufacturing,False
P619214387A,2023-08-25,Kilifi,Retail,True
P403277125A,2020-08-13,Nairobi,Hospitality,True
P479040944A,2022-11-10,Nakuru,Construction,True
P939493269A,2022-10-30,Nairobi,Retail,True
P376043680A,2023-11-23,Nairobi,Construction,True
P192567237A,2021-04-01,Kiambu,Construction,True
P649115801A,2024-05-10,Kisumu,Retail,False
P631153524A,2022-06-19,Kilifi,Financial Services,False
P182931335A,2023-09-24,Machakos,Manufacturing,True
P108724613A,2021-03-05,Nyeri,ICT,True
P717517769A,2024-07-14,Kisumu,Manufacturing,True
P344961207A,2022-01-03,Kajiado,Construction,True
P724806622A,2020-10-06,Nairobi,Hospitality,True
P708397858A,2023-03-20,Kiambu,ICT,True
P165568201A,2023-10-08,Mombasa,Retail,True
P299262269A,2020-01-15,Nyeri,Financial Services,True
P113498403A,2020-09-11,Nairobi,Construction,True
P549125082A,2024-02-07,Nairobi,Financial Services,True
P869578746A,2023-12-29,Mombasa,Manufacturing,True
P838640902A,2022-03-21,Kisumu,Construction,False
P718739645A,2023-06-22,Nairobi,Financial Services,False
P297429044A,2022-02-02,Nakuru,Hospitality,True
P115567448A,2024-02-24,Kiambu,ICT,True
P145856749A,2021-03-30,Kajiado,ICT,True
P494892197A,2022-08-19,Kajiado,Hospitality,False
P935606738A,2023-10-08,Nairobi,Financial Services,True
P890986385A,2021-04-22,Nairobi,Hospitality,True
P682410893A,2020-07-26,Mombasa,Construction,True
P377411264A,2021-02-26,Nakuru,Manufacturing,True
P358552074A,2020-04-17,Kajiado,Retail,True
P418750998A,2021-10-20,Kajiado,Construction,True
P827283374A,2023-06-12,Nairobi,Retail,True
P683720165A,2021-06-14,Machakos,Financial Services,True
P873968543A,2022-02-11,Nairobi,Manufacturing,True
P386424070A,2021-06-19,Kisumu,Construction,False
P228043024A,2020-08-17,Nyeri,Hospitality,True
P619027353A,2021-04-21,Nairobi,Hospitality,True
P596957446A,2020-02-10,Uasin Gishu,Retail,True
P633760344A,2021-07-24,Kilifi,Financial Services,True
P804265868A,2024-02-11,Mombasa,Financial Services,True
P974070697A,2022-07-18,Nairobi,ICT,False
P762616892A,2024-06-05,Uasin Gishu,Manufacturing,True
P699961506A,2022-05-20,Kajiado,Hospitality,True
P393868190A,2022-08-23,Nairobi,Hospitality,True
P209446236A,2021-12-23,Nairobi,Hospitality,False
P817597698A,2020-07-09,Machakos,Retail,True
P432874866A,2020-04-14,Machakos,Financial Services,True
P616384718A,2021-08-10,Kisumu,Financial Services,True
P849331442A,2023-12-21,Nairobi,Construction,False
P573236698A,2024-08-10,Kajiado,Hospitality,True
P603496412A,2021-06-20,Nairobi,Financial Services,True
P383820356A,2022-02-01,Nairobi,ICT,False
P867928636A,2022-05-14,Nyeri,Manufacturing,True
P661785209A,2023-09-04,Mombasa,Retail,True
P732952334A,2024-08-25,Kisumu,Financial Services,True
P707916674A,2024-06-24,Nairobi,Manufacturing,True
P697353261A,2022-06-22,Kilifi,Financial Services,True
P154732930A,2020-04-28,Nairobi,Retail,True
P761124842A,2023-02-27,Nairobi,ICT,True
P841821093A,2021-12-11,Nairobi,ICT,True
P519212020A,2021-10-24,Kajiado,Financial Services,False
P498048640A,2021-04-22,Kajiado,Construction,True
P139485604A,2024-11-26,Nairobi,Retail,True
P227550060A,2022-08-24,Uasin Gishu,Manufacturing,True
P171555055A,2024-10-25,Nairobi,ICT,False
P306649002A,2021-08-03,Nairobi,Financial Services,True
P166031433A,2022-07-25,Nairobi,Construction,True
P151513818A,2020-06-13,Kisumu,Retail,True
P162590493A,2023-08-03,Kisumu,ICT,True
P786267429A,2021-01-04,Uasin Gishu,Retail,True
P414742606A,2022-08-28,Nairobi,Construction,True
P351187735A,2020-05-07,Nairobi,Hospitality,False
P226080589A,2024-02-26,Nairobi,ICT,True
P429152389A,2020-05-02,Nairobi,Construction,True
P231864849A,2023-03-10,Nairobi,Financial Services,True
P845311948A,2021-11-29,Kajiado,Hospitality,True
P237608203A,2020-10-04,Machakos,Manufacturing,True
P635411656A,2023-06-21,Mombasa,ICT,True
P493936107A,2021-07-15,Nairobi,Construction,True
P424366796A,2024-07-18,Nairobi,Hospitality,False
P572158693A,2023-07-26,Nairobi,Construction,True
P912427011A,2023-06-28,Mombasa,Hospitality,True
P989104514A,2022-10-13,Kisumu,Financial Services,True
P979607994A,2024-03-17,Mombasa,Financial Services,True
P921401090A,2021-02-04,Mombasa,Retail,True
P278109346A,2020-11-11,Machakos,ICT,True
P204704006A,2020-10-02,Kisumu,Financial Services,False
P832459323A,2021-10-23,Nairobi,ICT,True
P400630805A,2022-06-28,Nairobi,Construction,True
P206602343A,2022-03-02,Kiambu,Retail,True
P543766125A,2021-02-23,Mombasa,ICT,True
P297245547A,2020-04-21,Kiambu,Manufacturing,True
P756557874A,2020-08-16,Nairobi,ICT,True
P672528321A,2023-04-09,Kiambu,Hospitality,True
P972522384A,2024-07-16,Nakuru,Hospitality,False
P808824867A,2020-07-18,Nairobi,Construction,True
P184119832A,2021-08-09,Mombasa,Financial Services,False
P711965412A,2024-09-01,Kajiado,ICT,True
P688968920A,2023-02-13,Nyeri,Financial Services,False
P489380255A,2020-03-20,Mombasa,Financial Services,True
P611723999A,2024-11-09,Nairobi,ICT,True
P807388864A,2020-08-29,Machakos,Manufacturing,True
P422981592A,2021-03-05,Kilifi,Hospitality,True
P409948981A,2022-08-23,Kiambu,Retail,True
P248312580A,2021-06-26,Nairobi,ICT,True
P627941220A,2024-11-01,Nakuru,Construction,True
P114261197A,2024-04-03,Mombasa,ICT,False
P480989314A,2024-05-07,Nyeri,Manufacturing,True
P261339652A,2023-05-11,Nakuru,Financial Services,False
P363800465A,2024-11-02,Kajiado,Hospitality,True
P965533832A,2022-09-09,Kisumu,Hospitality,True
P795293650A,2020-10-11,Nairobi,ICT,True
P629637995A,2022-03-25,Nairobi,Construction,True
P205691832A,2024-05-18,Nairobi,ICT,True
P957950970A,2022-04-12,Nairobi,Construction,True
P156026276A,2022-09-12,Nairobi,Financial Services,True
P269889668A,2020-07-07,Uasin Gishu,Hospitality,True
P247536940A,2022-10-14,Uasin Gishu,Financial Services,True
P399562758A,2021-02-04,Kisumu,Manufacturing,True
P530644382A,2024-09-05,Nairobi,Financial Services,True
P626103708A,2020-04-01,Kilifi,Financial Services,True
P816014749A,2023-11-08,Uasin Gishu,Retail,True
P687604392A,2020-08-11,Nakuru,Financial Services,False
P535367070A,2024-02-05,Mombasa,Retail,True
P417520658A,2021-09-01,Nyeri,Construction,False
P221231809A,2024-06-07,Kilifi,Construction,True
P815322387A,2021-04-02,Machakos,Construction,True
P237949025A,2021-10-18,Nairobi,Financial Services,True
P563783502A,2022-11-18,Nairobi,Hospitality,True
P659053839A,2023-04-26,Nairobi,Retail,True
P596384756A,2020-08-28,Nairobi,ICT,False
P668575250A,2023-06-20,Kisumu,Manufacturing,True
P783973814A,2022-01-02,Nairobi,Construction,True
P220156752A,2021-08-21,Nakuru,ICT,True
P385312111A,2023-07-04,Nairobi,Financial Services,False
P885459965A,2024-08-11,Machakos,Manufacturing,True
P889025151A,2020-12-25,Nairobi,Manufacturing,True
P756237893A,2023-03-01,Nairobi,ICT,True
P873778701A,2023-09-11,Kiambu,Manufacturing,True
P221814637A,2023-04-20,Nakuru,Manufacturing,True
P189609859A,2024-12-05,Nairobi,Financial Services,True
P483366021A,2024-08-18,Kiambu,Manufacturing,True
P321341248A,2024-04-06,Machakos,ICT,True
P627545050A,2024-04-08,Nairobi,Hospitality,True
P331508806A,2024-10-27,Nairobi,Manufacturing,True
P294747626A,2023-05-27,Nairobi,Financial Services,True
P241312101A,2023-07-13,Nairobi,Hospitality,True
P514867536A,2021-07-03,Machakos,Hospitality,True
P993562342A,2020-08-27,Mombasa,Hospitality,True
P647059160A,2020-06-09,Machakos,ICT,True
P863533644A,2021-02-08,Nairobi,Manufacturing,True
P135163529A,2020-12-23,Nairobi,Retail,True
P104685397A,2021-07-14,Machakos,Financial Services,True
P725329147A,2021-02-21,Mombasa,Construction,True
P179387281A,2021-12-08,Nairobi,Hospitality,True
P726359294A,2022-12-28,Mombasa,Construction,False
P660380398A,2020-08-02,Mombasa,Financial Services,False
P138174789A,2024-01-05,Nairobi,Financial Services,True
P516393075A,2020-02-15,Nairobi,Manufacturing,False
P640347931A,2021-03-29,Nairobi,Construction,True
P337043378A,2022-11-30,Nyeri,Hospitality,True
P910142940A,2021-05-21,Kisumu,ICT,True
P941000635A,2022-11-18,Machakos,ICT,True
P708363739A,2020-10-08,Nairobi,Manufacturing,True
P479192024A,2021-11-27,Nakuru,Hospitality,True
P150809647A,2022-07-09,Kisumu,Retail,True
P369279733A,2023-11-05,Nairobi,ICT,True
P303868885A,2022-08-16,Nakuru,Hospitality,True
P507454310A,2020-01-11,Nairobi,ICT,True
P806082462A,2020-08-17,Mombasa,Manufacturing,True
P146651422A,2023-04-22,Nakuru,ICT,True
P888895098A,2022-12-18,Kilifi,Financial Services,True
P890082844A,2024-08-25,Uasin Gishu,Financial Services,True
P177753515A,2021-07-02,Kilifi,Manufacturing,True
P651493296A,2021-04-05,Mombasa,Financial Services,True
P335986747A,2024-06-05,Uasin Gishu,Manufacturing,False
P777350158A,2020-12-01,Kiambu,Hospitality,False
P271631331A,2022-03-22,Nairobi,ICT,True
P108225123A,2021-01-28,Uasin Gishu,Hospitality,True
P551451415A,2024-09-16,Mombasa,Manufacturing,True
P957293040A,2021-05-17,Mombasa,Financial Services,True
P420879739A,2021-09-14,Nairobi,Hospitality,True
P983089684A,2020-08-24,Nairobi,Financial Services,True
P739330583A,2021-08-10,Machakos,ICT,True
P981171853A,2024-08-07,Kiambu,Retail,True
P924777690A,2024-08-08,Uasin Gishu,Hospitality,True
P432563678A,2020-07-01,Nairobi,Manufacturing,True
P264607896A,2022-04-01,Nairobi,Manufacturing,False
P441703777A,2023-03-04,Nairobi,Financial Services,True
P811684606A,2024-02-24,Kiambu,Retail,False
P747295721A,2021-08-26,Machakos,Retail,True
P245090885A,2023-06-12,Kiambu,ICT,True
P901620462A,2022-10-16,Mombasa,Hospitality,True
P264347083A,2023-06-18,Uasin Gishu,Financial Services,True
P621741191A,2024-03-08,Kisumu,Manufacturing,True
P961597046A,2020-08-11,Uasin Gishu,Hospitality,False
P198608525A,2024-08-12,Kilifi,Construction,True
P689241927A,2024-02-24,Mombasa,Financial Services,True
P154188628A,2020-04-16,Kilifi,Financial Services,True
P421200892A,2024-01-07,Nairobi,Hospitality,True
P521574209A,2022-09-17,Nairobi,ICT,False
P209335583A,2023-01-25,Mombasa,Hospitality,True
P668240926A,2020-07-24,Kiambu,Financial Services,True
P995396668A,2023-08-30,Kiambu,Retail,True
P990626213A,2023-07-04,Nakuru,ICT,True
P752041786A,2021-03-05,Kisumu,ICT,True
P741691916A,2023-06-24,Kisumu,ICT,True
P306503749A,2022-09-18,Nakuru,Manufacturing,True
P906203740A,2023-12-18,Machakos,Hospitality,True
P315691254A,2024-04-25,Nakuru,Retail,True
P692104080A,2020-04-01,Nairobi,ICT,True
P849364413A,2021-11-18,Kiambu,Manufacturing,True
P351184223A,2021-01-26,Nairobi,Construction,True
P489450086A,2022-07-28,Nairobi,Financial Services,True
P454983829A,2021-12-06,Nairobi,Retail,True
P566965283A,2023-03-03,Kiambu,Hospitality,True
P644627796A,2021-10-17,Nyeri,Hospitality,True
P396088610A,2024-04-15,Kiambu,Retail,True
P372908926A,2024-06-10,Kajiado,Retail,True
P906586848A,2020-06-14,Machakos,Financial Services,True
P314702926A,2024-10-20,Machakos,Manufacturing,True
P492961403A,2023-02-22,Kisumu,Financial Services,True
P531505675A,2023-09-12,Uasin Gishu,ICT,True
P923916197A,2022-04-07,Kisumu,Construction,True
P706275527A,2021-11-05,Kilifi,Retail,True
P849263125A,2020-10-07,Nairobi,Financial Services,True
P347930134A,2020-07-12,Nairobi,Hospitality,True
P137227607A,2022-04-12,Nyeri,ICT,True
P351325884A,2022-09-28,Mombasa,Retail,True
P411713933A,2021-04-22,Nairobi,Construction,True
P314149060A,2024-09-06,Nyeri,Hospitality,False
P168087251A,2020-04-17,Machakos,Financial Services,True
P117624042A,2022-09-13,Nyeri,Financial Services,True
P375787089A,2020-01-21,Kajiado,Construction,True
P641903761A,2021-01-18,Nairobi,Retail,True
P279119820A,2023-01-10,Kisumu,Hospitality,True
P724238237A,2024-02-12,Nairobi,Hospitality,True
P904277379A,2024-02-04,Nyeri,Hospitality,True
P213093339A,2024-08-15,Mombasa,Retail,True
P769646093A,2023-02-14,Nairobi,Hospitality,True
P803955953A,2024-09-26,Kilifi,ICT,True
P889657139A,2020-07-17,Nakuru,Construction,True
P594086794A,2023-08-13,Kiambu,ICT,True
P799199939A,2024-01-30,Nairobi,Construction,True
P765355750A,2022-04-25,Nairobi,Hospitality,True
P451428525A,2020-09-25,Nyeri,Financial Services,False
P577825450A,2020-12-15,Mombasa,Retail,True
P354403355A,2020-12-16,Uasin Gishu,Manufacturing,False
P288876917A,2021-07-21,Nyeri,Construction,False
P549256140A,2021-02-26,Nakuru,Retail,True
P515339609A,2022-02-16,Mombasa,ICT,False
P290400903A,2023-09-16,Nairobi,Construction,True
P513616927A,2023-02-04,Kisumu,Hospitality,False
P891333356A,2022-11-02,Machakos,Retail,True
P536679819A,2022-05-04,Kisumu,Construction,True
P838317868A,2022-04-19,Nairobi,Financial Services,True
P401337903A,2023-08-21,Kiambu,Manufacturing,False
P148732696A,2022-04-19,Mombasa,Hospitality,True
P137787011A,2022-08-01,Nairobi,ICT,False
P916297926A,2023-08-04,Kiambu,Retail,True
P136442094A,2021-01-28,Nyeri,Retail,False
P961676636A,2024-02-20,Machakos,Retail,True
P800336306A,2023-10-15,Uasin Gishu,Retail,True
P197588389A,2021-10-14,Kajiado,Financial Services,True
P884445328A,2021-05-23,Nairobi,Retail,True
P160685759A,2021-06-22,Nakuru,Manufacturing,True
P372529424A,2023-05-26,Nairobi,Hospitality,True
P732762248A,2024-12-11,Kajiado,Manufacturing,True
P880788526A,2020-05-24,Nyeri,ICT,True
P683790798A,2023-10-13,Machakos,Manufacturing,False
P524205814A,2021-05-24,Nairobi,ICT,True
P194125587A,2020-03-16,Nairobi,Financial Services,True
P135682540A,2020-04-20,Kisumu,Manufacturing,False
P843066658A,2022-10-14,Nairobi,Hospitality,True
P126901245A,2020-02-02,Nairobi,Construction,True
P524646002A,2020-04-17,Nairobi,Financial Services,True
P527414972A,2021-12-21,Nairobi,Hospitality,True
P863124754A,2022-09-08,Kiambu,Financial Services,True
P778248189A,2020-12-02,Kiambu,Retail,True
P264856009A,2023-09-09,Mombasa,Retail,True
P827327821A,2023-02-11,Mombasa,Manufacturing,True
P202997055A,2021-01-15,Nairobi,Manufacturing,False
P761450727A,2023-03-01,Mombasa,Hospitality,True
P285136902A,2020-05-16,Mombasa,Hospitality,True
P999423221A,2021-11-04,Nairobi,Retail,True
P496960821A,2023-06-25,Machakos,Hospitality,True
P717947993A,2024-06-18,Kilifi,Retail,True
P971925663A,2020-11-22,Kajiado,Hospitality,True
P108814504A,2023-08-24,Kilifi,Retail,True
P890735646A,2024-11-29,Kisumu,Hospitality,True
P371196978A,2020-08-28,Nairobi,Hospitality,True
P769458803A,2024-01-13,Nakuru,Manufacturing,True
P946825823A,2023-03-27,Kiambu,Retail,False
P886937383A,2020-04-17,Nairobi,Construction,True
P243866210A,2020-01-21,Kajiado,Construction,False
P844828684A,2021-03-04,Mombasa,Financial Services,True
P581430114A,2023-10-13,Nairobi,Retail,True
P666419468A,2023-11-15,Nairobi,Construction,True
P901999738A,2024-05-15,Nairobi,ICT,True
P145528658A,2024-01-24,Kilifi,Financial Services,True
P797634140A,2023-10-31,Nairobi,Manufacturing,True
P243356432A,2021-02-10,Kisumu,Hospitality,True
P567249424A,2022-06-14,Kiambu,Retail,True
P485584613A,2021-02-12,Kisumu,Construction,True
P990387661A,2023-04-18,Nairobi,Manufacturing,True
P968425612A,2023-08-11,Nairobi,Hospitality,True
P446156335A,2021-10-07,Nyeri,Manufacturing,False
P520465676A,2022-12-30,Uasin Gishu,Retail,False
P498565775A,2024-06-14,Kiambu,Financial Services,True
P408141379A,2022-11-07,Kisumu,ICT,True
P801846560A,2021-01-26,Kiambu,Hospitality,False
P503999645A,2023-07-26,Kiambu,Construction,True
P489221292A,2021-09-17,Kajiado,Manufacturing,True
P558713824A,2021-02-09,Nakuru,Hospitality,True
P145984074A,2024-10-15,Kisumu,Construction,True
P923306124A,2021-06-24,Nairobi,Construction,True
P759940271A,2023-10-02,Machakos,Hospitality,True
P735783646A,2020-03-16,Nakuru,ICT,True
P125084471A,2021-06-04,Nairobi,Construction,True
P469812599A,2023-03-12,Nyeri,Construction,True
P640440132A,2024-11-29,Nairobi,Hospitality,True
P185221827A,2020-01-02,Nairobi,Manufacturing,True
P982418643A,2024-06-14,Nairobi,ICT,True
P787548675A,2023-12-27,Kiambu,Construction,True
P808117814A,2023-08-13,Nairobi,Financial Services,True
P360077690A,2023-08-14,Mombasa,Hospitality,True
P183105970A,2022-01-19,Kiambu,Hospitality,True
P443900699A,2022-03-23,Nairobi,Manufacturing,True
P734227636A,2021-02-14,Nairobi,Manufacturing,True
P913592997A,2021-02-26,Nairobi,ICT,True
P316367904A,2024-08-08,Nairobi,Hospitality,True
P333448686A,2020-09-14,Uasin Gishu,Retail,True
P618271436A,2020-08-24,Mombasa,Retail,True
P415631823A,2023-01-21,Uasin Gishu,Retail,True
P538325234A,2021-05-09,Machakos,Construction,True
P448732703A,2024-01-22,Kiambu,Construction,True
P484014716A,2024-05-29,Nyeri,Construction,True
P464271755A,2023-04-23,Nairobi,Hospitality,True
P462577711A,2023-09-24,Nairobi,Construction,True
P210526561A,2022-06-10,Nairobi,Hospitality,True
P766011036A,2022-08-08,Nairobi,Retail,True
P119390304A,2024-08-24,Machakos,Manufacturing,True
P983140170A,2022-01-22,Kiambu,Manufacturing,True
P604354787A,2023-08-22,Mombasa,Manufacturing,True
P752841273A,2021-07-24,Kisumu,Financial Services,True
P790352145A,2022-01-17,Nairobi,Hospitality,True
P575008454A,2024-05-31,Nakuru,ICT,True
P594889593A,2020-10-06,Nairobi,Construction,True
P290584053A,2024-05-05,Machakos,Retail,True
P599516128A,2024-10-23,Kisumu,Financial Services,True
P356935384A,2021-01-26,Uasin Gishu,Hospitality,True
P853004305A,2021-09-24,Kisumu,Manufacturing,True
P200107696A,2021-11-06,Nairobi,Construction,False
P701583266A,2021-09-25,Machakos,Hospitality,True
P232971520A,2021-05-26,Nairobi,Construction,True
P387491802A,2024-12-20,Nairobi,ICT,False
P705732795A,2022-03-07,Nairobi,Financial Services,True
P982974165A,2021-08-31,Nyeri,Manufacturing,False
P727374782A,2021-01-22,Kajiado,Retail,True
P230113306A,2021-07-24,Kiambu,ICT,True
P240047994A,2020-02-13,Kajiado,Construction,False
P148104702A,2021-04-05,Kajiado,Manufacturing,True
P466360707A,2024-12-21,Nairobi,ICT,True
P244573551A,2020-04-30,Machakos,Manufacturing,True
P828258177A,2022-01-20,Nakuru,Construction,True
P832837195A,2022-10-10,Nairobi,Retail,True
P561924817A,2024-03-30,Nairobi,Financial Services,True
P951539222A,2022-11-03,Mombasa,Financial Services,True
P860690863A,2023-04-06,Kiambu,Manufacturing,True
P599530089A,2020-11-26,Nakuru,Manufacturing,False
P509455979A,2022-02-11,Nairobi,Retail,False
P954412002A,2024-04-20,Nairobi,Manufacturing,True
P615586010A,2023-12-27,Nairobi,Financial Services,False
P359322349A,2020-02-07,Mombasa,Hospitality,True
P302492239A,2022-04-19,Kilifi,Hospitality,True
P542940972A,2020-09-16,Kiambu,Construction,True
P711476462A,2023-08-21,Nairobi,Construction,False
P349795226A,2020-04-23,Nairobi,Financial Services,True
P901825796A,2020-09-12,Kilifi,Financial Services,True
P621586108A,2020-02-14,Mombasa,Manufacturing,True
P457759656A,2022-02-17,Kiambu,Manufacturing,True
P229188714A,2023-05-11,Nairobi,Manufacturing,True
P159702454A,2022-11-11,Nairobi,Manufacturing,True
P787862440A,2024-10-24,Kisumu,Retail,True
P497357706A,2023-07-24,Nairobi,Construction,True
P680581125A,2022-05-31,Kisumu,Financial Services,True
P795762957A,2021-12-19,Nyeri,Retail,True
P107790127A,2021-10-08,Nairobi,ICT,True
P264113842A,2024-06-19,Nairobi,Financial Services,False
P449233403A,2023-02-12,Machakos,Retail,True
P773441654A,2022-06-14,Mombasa,ICT,True
P607454093A,2024-04-29,Kiambu,ICT,True
P318795130A,2022-03-12,Nairobi,Retail,False
P808151410A,2020-06-20,Nairobi,Construction,False
P839205594A,2021-12-26,Nairobi,Hospitality,True
P542814458A,2023-09-16,Kilifi,Hospitality,False
P961295720A,2021-02-08,Nyeri,Manufacturing,False
P149587809A,2020-12-08,Nairobi,Retail,True
P317637754A,2022-04-06,Nairobi,Retail,True
P999955384A,2023-08-16,Nairobi,Manufacturing,False
P859409057A,2020-03-01,Nairobi,Retail,True
P505857093A,2020-03-21,Kiambu,Financial Services,True
P865629110A,2021-04-09,Mombasa,ICT,True
P840831539A,2022-09-07,Nairobi,Hospitality,True
P942979044A,2024-09-04,Mombasa,Retail,True
P373772179A,2023-09-24,Nakuru,Retail,True
P741784021A,2022-07-04,Mombasa,Hospitality,True
P241253722A,2024-03-04,Nairobi,Construction,True
P248362266A,2020-12-14,Nairobi,Manufacturing,True
P896682447A,2020-05-20,Mombasa,ICT,True
P253493897A,2022-04-01,Kajiado,Retail,True
P879934047A,2020-01-13,Kiambu,Manufacturing,False
P460583773A,2022-07-11,Nairobi,Financial Services,True
P242159258A,2022-02-07,Nairobi,Manufacturing,True
P897825601A,2020-03-07,Uasin Gishu,Retail,True
P524026562A,2021-10-13,Mombasa,Construction,True
P356834218A,2022-12-03,Mombasa,Retail,True
P366591612A,2020-12-04,Nakuru,ICT,True
P816890841A,2024-02-24,Kisumu,Construction,True
P400112799A,2024-11-11,Nairobi,Financial Services,False
P763044333A,2021-11-12,Nairobi,Hospitality,True
P530373319A,2022-10-07,Kilifi,Financial Services,True
P411616061A,2020-09-27,Nairobi,Retail,True
P589325401A,2020-06-02,Nairobi,ICT,True
P902355312A,2020-02-26,Nairobi,Hospitality,False
P463753137A,2022-05-02,Kiambu,ICT,True
P369346866A,2022-03-04,Nairobi,Retail,True
P115364179A,2022-12-27,Nakuru,Manufacturing,False
P541678720A,2022-12-19,Nairobi,Manufacturing,True
P925645012A,2023-01-04,Machakos,ICT,True
P994068325A,2020-05-17,Nairobi,Manufacturing,True
P100757220A,2024-07-08,Nairobi,Construction,True
P409881447A,2024-04-30,Nairobi,ICT,False
P824504077A,2021-05-04,Kilifi,Hospitality,False
P722220886A,2022-08-25,Kisumu,Retail,True
P658568927A,2020-11-20,Nyeri,Financial Services,False
P785623019A,2024-02-16,Kajiado,Financial Services,True
P681636764A,2024-07-28,Nyeri,ICT,True
P378660475A,2023-03-23,Mombasa,Financial Services,False
P240351904A,2020-01-18,Machakos,Financial Services,False
P505496505A,2021-01-21,Uasin Gishu,Retail,False
P714272708A,2020-08-07,Nairobi,Construction,True
P929200164A,2021-05-06,Machakos,Financial Services,True
P367050222A,2024-10-28,Nyeri,Construction,False
P439513444A,2021-05-25,Uasin Gishu,Manufacturing,True
P413513485A,2023-10-25,Kisumu,Hospitality,True
P175182842A,2020-02-11,Mombasa,ICT,True
P971864633A,2023-07-09,Nairobi,Financial Services,True
P389819228A,2021-09-14,Kisumu,Hospitality,True
P488648961A,2020-03-14,Kilifi,Manufacturing,True
P270265395A,2023-03-27,Nakuru,Hospitality,False
P973783519A,2023-04-18,Machakos,Construction,True
P556812607A,2020-09-13,Uasin Gishu,Hospitality,True
P204077591A,2023-07-20,Nairobi,Hospitality,True
P305279801A,2021-02-23,Nairobi,Manufacturing,True
P478198820A,2022-04-15,Nairobi,Financial Services,True
P176856340A,2022-09-29,Mombasa,Retail,True
P415187979A,2022-06-09,Nairobi,Retail,True
P889640593A,2021-11-02,Nairobi,Hospitality,True
P570272028A,2023-11-10,Machakos,Retail,True
P125016781A,2023-06-16,Kisumu,Financial Services,False
P634154175A,2022-04-02,Kajiado,Manufacturing,True
P465701937A,2021-04-19,Kiambu,Financial Services,True
P592056923A,2020-01-21,Nairobi,Construction,True
P661665058A,2023-06-08,Uasin Gishu,Retail,True
P277586137A,2020-11-19,Kajiado,Construction,True
P626332018A,2023-10-04,Nairobi,Hospitality,True
P366144557A,2021-05-15,Kisumu,Financial Services,False
P903669318A,2020-06-04,Nairobi,Financial Services,True
P562106726A,2023-10-25,Mombasa,Construction,True
P183689321A,2020-03-07,Kiambu,Hospitality,True
P446621500A,2021-04-17,Nairobi,Financial Services,True
P232875686A,2023-06-08,Kisumu,Manufacturing,True
P612588473A,2022-06-20,Mombasa,Construction,True
P852539484A,2023-10-11,Mombasa,ICT,True
P100312331A,2020-05-20,Nairobi,Hospitality,True
P115097270A,2024-05-23,Machakos,Hospitality,True
P400054803A,2024-10-10,Nairobi,Construction,True
P239158035A,2020-07-06,Kilifi,Construction,False
P436169572A,2022-12-28,Nairobi,Construction,True
P623218149A,2024-07-31,Nairobi,Retail,True
P892165233A,2022-04-14,Uasin Gishu,Construction,True
P144393644A,2024-10-14,Kilifi,Manufacturing,True
P309229465A,2024-07-05,Mombasa,Financial Services,True
P207709366A,2021-02-22,Uasin Gishu,Manufacturing,True
P653330652A,2023-12-28,Nairobi,Retail,False
P602788672A,2022-12-21,Kisumu,Retail,True
P229227341A,2021-01-13,Kiambu,ICT,True
P412265172A,2020-11-13,Uasin Gishu,Hospitality,True
P137652080A,2023-05-08,Uasin Gishu,ICT,True
P410088777A,2021-09-18,Nairobi,Hospitality,True
P802802113A,2022-12-13,Nairobi,Financial Services,True
P915031955A,2021-07-08,Machakos,ICT,True
P211550375A,2020-09-06,Nakuru,Retail,True
P809130797A,2024-06-01,Nairobi,Manufacturing,True
P503043345A,2021-11-20,Nairobi,Financial Services,True
P590605334A,2024-05-28,Nairobi,ICT,True
P826313931A,2024-05-08,Kiambu,ICT,True
P971713089A,2022-04-20,Nairobi,ICT,True
P105497395A,2024-08-21,Nairobi,Manufacturing,True
P937979296A,2020-09-21,Nairobi,Retail,True
P996299294A,2021-02-28,Mombasa,Retail,True
P288712339A,2020-05-23,Mombasa,ICT,True
P543324075A,2020-01-12,Nairobi,Manufacturing,True
P915789997A,2024-03-30,Kisumu,Financial Services,True
P532948855A,2022-02-14,Nakuru,Retail,True
P163353744A,2023-01-29,Nairobi,Retail,False
P686387883A,2022-06-10,Nairobi,ICT,False
P835099561A,2023-12-05,Nairobi,Retail,True
P845803205A,2022-09-14,Nairobi,Hospitality,True
P456882473A,2022-01-21,Machakos,Manufacturing,False
P630042991A,2020-01-28,Uasin Gishu,Retail,True
P271096280A,2022-07-16,Nairobi,Retail,True
P183228358A,2023-11-21,Nairobi,Construction,True
P962962550A,2021-10-20,Kilifi,Financial Services,True
P163452447A,2020-06-27,Mombasa,ICT,False
P374115311A,2022-07-26,Nyeri,Financial Services,True
P359736267A,2022-06-28,Uasin Gishu,Manufacturing,True
P377077383A,2021-01-21,Nairobi,Hospitality,False
P408304316A,2023-09-05,Machakos,Retail,True
P697581501A,2022-07-24,Kiambu,Manufacturing,False
P644121332A,2024-10-14,Mombasa,Financial Services,True
P688379371A,2023-11-09,Nakuru,Construction,True
P412411340A,2021-06-23,Nairobi,Retail,True
P718196533A,2020-06-12,Kisumu,Manufacturing,True
P114847694A,2020-03-30,Nairobi,Construction,True
P995247860A,2021-01-18,Mombasa,Hospitality,True
P452139508A,2020-12-22,Kajiado,Manufacturing,True
P380604946A,2024-02-12,Nairobi,Construction,False
P612546852A,2022-09-20,Nairobi,Manufacturing,False
P373425990A,2022-01-02,Kiambu,Manufacturing,True
P671503053A,2023-12-26,Kiambu,Manufacturing,False
P229241025A,2023-06-17,Nairobi,Manufacturing,True
P265086327A,2024-10-06,Machakos,ICT,True
P337296934A,2024-01-06,Kiambu,Manufacturing,True
P249218721A,2020-11-05,Uasin Gishu,Retail,True
P685899965A,2022-09-17,Nairobi,Manufacturing,True
P170135157A,2020-01-27,Nairobi,ICT,True
P869159334A,2022-02-22,Nairobi,Retail,True
P134412055A,2020-01-21,Machakos,Retail,True
P413613241A,2021-03-16,Nairobi,Hospitality,True
P558744533A,2023-11-01,Uasin Gishu,Financial Services,True
P399910776A,2020-08-12,Mombasa,ICT,True
P124045382A,2021-07-12,Kajiado,Retail,False
P131919512A,2023-02-08,Uasin Gishu,ICT,True
P173660730A,2020-04-04,Nakuru,Retail,False
P159817858A,2022-01-02,Nairobi,Hospitality,True
P250396050A,2021-10-04,Mombasa,ICT,False
P880803838A,2024-12-17,Kajiado,ICT,True
P489190622A,2024-05-25,Nairobi,Manufacturing,True
P420797574A,2024-07-25,Nairobi,ICT,True
P897276095A,2024-01-17,Mombasa,Retail,False
P632555801A,2021-08-08,Mombasa,Manufacturing,True
P344309376A,2023-06-17,Kisumu,ICT,True
P378376562A,2021-10-19,Nairobi,Hospitality,True
P875935771A,2021-08-29,Nakuru,Retail,True
P397657644A,2021-08-15,Uasin Gishu,ICT,True
P787254966A,2023-08-29,Nairobi,Construction,False
P763050106A,2023-10-12,Nakuru,Financial Services,True
P174829157A,2023-07-04,Nairobi,Financial Services,True
P434572250A,2020-04-18,Nairobi,Manufacturing,False
P144336128A,2021-02-12,Nairobi,ICT,True
P385597877A,2024-01-12,Kajiado,Construction,True
P571933769A,2021-01-03,Nairobi,Construction,True
P413591826A,2023-12-21,Nairobi,ICT,True
P730958434A,2024-07-01,Nairobi,Manufacturing,True
P377380376A,2021-04-27,Nairobi,Hospitality,True
P900360081A,2021-09-27,Machakos,ICT,True
P780687653A,2024-04-21,Mombasa,Hospitality,True
P447831790A,2023-10-16,Nairobi,Construction,True
P354222542A,2023-06-12,Nairobi,Financial Services,True
P970551325A,2023-09-21,Machakos,ICT,True
P465343412A,2023-04-13,Nairobi,Financial Services,True
P129421487A,2020-06-03,Mombasa,ICT,True
P472907381A,2023-10-23,Nairobi,Hospitality,True
P468217545A,2020-07-26,Nyeri,Financial Services,True
P999933836A,2024-03-15,Nairobi,Financial Services,True
P350116123A,2021-05-06,Mombasa,ICT,True
P573763169A,2022-10-22,Kisumu,ICT,True
P646897357A,2020-09-14,Machakos,Retail,True
P268062179A,2022-08-27,Nairobi,Construction,True
P987827406A,2020-03-11,Nairobi,Construction,True
P363495465A,2022-02-27,Uasin Gishu,Construction,True
P390077831A,2020-07-03,Nakuru,Financial Services,True
P343107827A,2023-10-27,Nairobi,Financial Services,True
P438757709A,2020-08-07,Nairobi,Hospitality,True
P346688784A,2021-02-24,Nairobi,ICT,True
P342345123A,2023-12-25,Nairobi,Hospitality,True
P163082245A,2022-05-24,Nairobi,Retail,True
P349993090A,2021-12-11,Nairobi,Hospitality,False
P266926535A,2023-12-05,Nairobi,Hospitality,True
P231951763A,2024-04-08,Nairobi,Construction,True
P203760416A,2022-07-16,Mombasa,Financial Services,True
P802158099A,2020-11-17,Nairobi,ICT,True
P965402613A,2021-08-03,Nakuru,Manufacturing,True
P787729629A,2023-01-24,Mombasa,ICT,True
P137025129A,2022-04-26,Kajiado,Financial Services,True
P950829839A,2021-01-02,Nairobi,Financial Services,True
P120296032A,2022-10-14,Uasin Gishu,ICT,False
P986776613A,2020-10-16,Kiambu,Retail,False
P957677260A,2020-09-03,Mombasa,Construction,True
P253144935A,2021-04-18,Kiambu,Construction,True
P267382743A,2020-06-06,Nyeri,Retail,True
P965009877A,2020-09-26,Nairobi,ICT,False
P616282924A,2020-05-21,Machakos,Manufacturing,True
P988566014A,2020-01-17,Nairobi,Manufacturing,True
P778361147A,2024-06-02,Nairobi,Retail,False
P559166567A,2021-04-22,Nairobi,Hospitality,True
P877419492A,2021-04-11,Kiambu,ICT,True
P464051350A,2021-12-16,Kiambu,Manufacturing,True
P234136974A,2021-08-30,Machakos,Retail,True
P883574835A,2022-03-29,Nairobi,Construction,True
P168499095A,2021-08-13,Nairobi,Construction,True
P317508029A,2024-12-26,Mombasa,Hospitality,True
P746164417A,2020-10-30,Nyeri,Hospitality,False
P111150103A,2023-11-07,Nakuru,Construction,True
P927883552A,2024-10-05,Uasin Gishu,Retail,True
P917318691A,2024-07-13,Nairobi,Financial Services,True
P612314125A,2023-09-24,Machakos,Financial Services,True
P961355530A,2024-02-05,Nairobi,Financial Services,True
P437982387A,2021-01-24,Nairobi,Manufacturing,True
P374768336A,2021-07-11,Nairobi,Hospitality,True
P118394952A,2020-07-14,Nairobi,Financial Services,True
P933562641A,2023-01-27,Nairobi,Retail,True
P868780248A,2023-05-07,Nairobi,Manufacturing,True
P565851587A,2021-03-27,Mombasa,Hospitality,True
P119925040A,2023-09-19,Nairobi,Manufacturing,True
P953360760A,2022-07-23,Kisumu,Manufacturing,True
P153045752A,2022-08-28,Mombasa,Financial Services,True
P637275157A,2020-06-05,Kiambu,Construction,True
P922902826A,2020-06-14,Mombasa,Manufacturing,False
P788656892A,2020-07-10,Kilifi,Hospitality,True
P283694359A,2021-06-23,Kisumu,Construction,False
P696964492A,2021-01-11,Nairobi,Construction,True
P549731507A,2020-02-05,Nairobi,Manufacturing,True
P690241292A,2023-09-13,Nairobi,Manufacturing,True
P182085801A,2023-03-12,Nairobi,Hospitality,True
P646911789A,2024-10-23,Nairobi,Hospitality,True
P916024823A,2024-10-24,Mombasa,Hospitality,True
P989109580A,2020-11-11,Kiambu,ICT,True
P603757348A,2020-07-22,Mombasa,Retail,True
P284097534A,2020-11-04,Machakos,Retail,True
P977194588A,2022-02-04,Nairobi,Hospitality,True
P103446585A,2022-03-18,Kiambu,Hospitality,True
P848717197A,2020-02-28,Nairobi,Construction,False
P853369603A,2021-03-13,Nairobi,Manufacturing,False
P525048747A,2020-01-04,Nairobi,ICT,True
P350743246A,2023-02-21,Nairobi,Construction,True
P751167306A,2024-07-08,Nairobi,Construction,True
P276208546A,2024-08-26,Machakos,Financial Services,True
P515477479A,2023-08-17,Mombasa,Hospitality,True
P211554523A,2021-02-03,Mombasa,Hospitality,True
P383058706A,2020-02-24,Nairobi,Manufacturing,True
P967789596A,2022-11-18,Kiambu,Retail,True
P833575653A,2022-05-05,Kisumu,Hospitality,True
P611106189A,2021-10-13,Machakos,Hospitality,True
P853975773A,2021-06-23,Kisumu,Construction,True
P848866405A,2023-10-28,Machakos,Financial Services,True
P229509628A,2023-04-17,Nairobi,Manufacturing,True
P760344683A,2022-08-16,Nairobi,Hospitality,True
P825651583A,2021-08-08,Nairobi,ICT,False
P385749491A,2021-12-14,Kajiado,Retail,False
P742254982A,2024-06-02,Kisumu,Hospitality,True
P316973619A,2020-04-12,Uasin Gishu,Financial Services,True
P752205482A,2021-03-10,Nairobi,Retail,True
P433965466A,2020-03-03,Mombasa,Manufacturing,True
P502308668A,2022-03-18,Mombasa,Financial Services,True
P413343790A,2023-12-02,Kisumu,Retail,True
P200154328A,2022-01-04,Nakuru,Financial Services,False
P812296721A,2022-03-14,Uasin Gishu,Financial Services,True
P125446533A,2023-12-10,Nairobi,Financial Services,True
P114730059A,2024-07-24,Nairobi,Retail,True
P269243015A,2024-03-16,Kajiado,Hospitality,True
P840095032A,2022-05-13,Nairobi,Retail,False
P230747313A,2022-07-19,Mombasa,Construction,True
P862109519A,2023-05-23,Mombasa,Manufacturing,True
P893604203A,2024-04-01,Nairobi,Financial Services,True
P152210749A,2020-04-28,Nairobi,Retail,True
P547140884A,2022-11-07,Nairobi,Financial Services,False
P691157593A,2023-12-28,Nairobi,Financial Services,True
P572568503A,2024-07-31,Nyeri,Hospitality,False
P136412659A,2022-05-14,Kilifi,Financial Services,True
P366247467A,2022-01-10,Nairobi,ICT,False
P729941587A,2023-11-24,Mombasa,Construction,True
P269385179A,2021-12-28,Nairobi,Retail,True
P686166608A,2023-02-11,Nakuru,Hospitality,False
P954972363A,2024-06-12,Kilifi,Construction,False
P522774563A,2022-07-23,Machakos,Manufacturing,True
P391316518A,2021-02-26,Nairobi,Financial Services,True
P783871167A,2022-08-02,Uasin Gishu,Construction,True
P405424048A,2020-04-05,Nairobi,Hospitality,False
P715134714A,2022-03-20,Machakos,Retail,True
P775110597A,2020-04-24,Kisumu,ICT,True
P339701366A,2024-05-09,Uasin Gishu,Hospitality,True
P442952798A,2021-11-03,Nairobi,ICT,False
P268244914A,2021-11-27,Machakos,Hospitality,True
P860027382A,2023-04-06,Nairobi,Retail,True
P489681034A,2020-06-02,Nairobi,Hospitality,True
P850951210A,2023-04-14,Kisumu,Financial Services,False
P880507978A,2024-03-21,Uasin Gishu,Manufacturing,False
P968886438A,2022-01-07,Uasin Gishu,ICT,True
P541989782A,2022-12-23,Kilifi,Construction,True
P147015156A,2020-03-04,Nyeri,Construction,True
P173406895A,2020-05-01,Kilifi,Hospitality,True
P869760985A,2024-08-04,Nyeri,Financial Services,True
P790015729A,2020-01-12,Machakos,ICT,True
P993404297A,2022-06-02,Uasin Gishu,Manufacturing,True
P526867801A,2022-04-10,Nairobi,Hospitality,True
P582242178A,2024-02-03,Nairobi,Hospitality,True
P726478310A,2024-10-27,Machakos,Construction,False
P687889052A,2023-07-06,Nairobi,Hospitality,True
P314981016A,2024-08-16,Nairobi,Financial Services,True
P737366581A,2023-06-21,Nyeri,Retail,True
P297936233A,2022-08-21,Nairobi,Manufacturing,True
P784917982A,2024-02-10,Nairobi,Manufacturing,False
P907720469A,2021-01-23,Nairobi,Manufacturing,True
P493773843A,2020-03-19,Kiambu,Hospitality,True
P780142000A,2023-10-16,Nakuru,Retail,True
P208686184A,2023-10-15,Nyeri,Retail,True
P571842963A,2024-06-20,Nairobi,Retail,True
P732432417A,2023-05-04,Nakuru,Manufacturing,True
P716196774A,2023-06-21,Nakuru,Manufacturing,False
P710481454A,2020-04-02,Kisumu,Retail,True
P246330218A,2022-06-15,Nakuru,Hospitality,True
P829306980A,2021-02-04,Nairobi,ICT,True
P815097872A,2024-07-30,Machakos,Retail,True
P218619890A,2021-09-20,Kilifi,ICT,True
P998802648A,2020-04-17,Kisumu,ICT,True
P360931711A,2020-04-23,Nairobi,Hospitality,True
P697338926A,2021-09-06,Kiambu,ICT,True
P939387130A,2020-06-02,Mombasa,ICT,True
P499734081A,2024-11-08,Mombasa,Manufacturing,True
P215139025A,2024-07-18,Nairobi,Retail,True
P337197312A,2023-09-28,Nairobi,Financial Services,True
P637651626A,2020-05-01,Nairobi,ICT,False
P842075758A,2022-10-25,Kajiado,ICT,False
P813907668A,2021-04-28,Kiambu,Manufacturing,True
P777996462A,2020-06-25,Machakos,Retail,True
P324901285A,2024-05-29,Kisumu,Hospitality,True
P167191342A,2024-09-06,Nairobi,Manufacturing,False
P185788556A,2023-05-06,Uasin Gishu,Construction,True
P418467269A,2022-12-10,Kiambu,Hospitality,False
P711242339A,2023-10-16,Nakuru,Construction,True
P999234660A,2024-12-16,Mombasa,ICT,False
P457341519A,2024-03-01,Nairobi,Construction,True
P256256007A,2022-03-18,Nairobi,Financial Services,False
P911932437A,2023-03-16,Kiambu,ICT,False
P230075741A,2024-01-22,Kisumu,Manufacturing,False
P407935826A,2023-08-16,Uasin Gishu,ICT,True
P286104192A,2022-11-01,Uasin Gishu,Manufacturing,False
P853468039A,2022-05-24,Nairobi,Retail,True
P324553978A,2022-09-27,Machakos,Retail,False
P738740056A,2020-04-13,Kajiado,Construction,True
P682184253A,2020-10-26,Kilifi,Financial Services,True
P283037962A,2022-05-27,Nakuru,Retail,True
P510238317A,2021-03-12,Nairobi,Financial Services,True
P798138782A,2021-12-26,Nairobi,ICT,False
P370150286A,2020-08-25,Nairobi,Retail,True
P102349721A,2021-05-16,Nairobi,Construction,True
P982310609A,2024-03-17,Mombasa,Construction,True
P797422903A,2024-11-03,Nairobi,Construction,True
P943329475A,2022-08-09,Kilifi,Hospitality,True
P199228590A,2020-08-31,Nairobi,Manufacturing,True
P107475750A,2022-01-09,Nairobi,ICT,True
P232590242A,2024-11-14,Kiambu,Hospitality,True
P742267980A,2020-12-15,Kiambu,Construction,True
P698781803A,2023-10-13,Kajiado,Retail,False
P453560190A,2022-09-30,Nairobi,Hospitality,True
P403530929A,2024-05-01,Mombasa,Financial Services,True
P728789927A,2020-04-28,Nairobi,Financial Services,True
P986601178A,2024-09-04,Kisumu,Manufacturing,False
P833523686A,2023-01-03,Nairobi,Retail,False
P964760934A,2021-06-18,Nairobi,Hospitality,True
P411445330A,2024-01-20,Nakuru,Retail,True
P381076271A,2021-01-30,Kiambu,Retail,True
P758583617A,2021-11-17,Nairobi,Financial Services,True
P224454190A,2021-05-13,Uasin Gishu,Construction,True
P912730692A,2023-04-11,Mombasa,Financial Services,True
P510921663A,2021-09-05,Nairobi,Financial Services,True
P231032582A,2021-07-10,Nairobi,Construction,True
P306891646A,2020-05-23,Nakuru,Financial Services,False
P488519400A,2022-07-20,Kilifi,ICT,True
P663229474A,2023-03-25,Mombasa,ICT,True
P256703964A,2020-05-30,Nairobi,Hospitality,True
P142604871A,2022-01-21,Nairobi,ICT,True
P119795199A,2020-04-18,Kiambu,Construction,True
P833948029A,2023-12-21,Mombasa,Construction,True
P968149919A,2021-05-19,Nairobi,Hospitality,True
P527751139A,2020-05-23,Nairobi,Manufacturing,True
P813741979A,2023-02-28,Kisumu,Hospitality,True
P546904703A,2023-04-04,Nairobi,Retail,False
P163680098A,2024-01-12,Nairobi,ICT,True
P905000589A,2020-04-10,Kiambu,Construction,True
P123434456A,2020-07-24,Uasin Gishu,ICT,True
P943835060A,2024-08-28,Nairobi,Retail,True
P860983915A,2023-05-13,Machakos,Hospitality,True
P210138519A,2024-11-14,Nairobi,ICT,True
P161189926A,2024-04-08,Nairobi,Hospitality,True
P300018946A,2021-09-04,Nairobi,Hospitality,True
P591621068A,2022-12-29,Nairobi,Financial Services,True
P321975434A,2024-08-12,Nairobi,Retail,True
P957458880A,2022-11-06,Nakuru,Manufacturing,True
P321698837A,2023-11-03,Mombasa,Retail,False
P602448910A,2022-02-18,Nairobi,Manufacturing,True
P555838264A,2021-01-13,Nyeri,Manufacturing,True
P777053202A,2022-03-11,Nakuru,Financial Services,True
P986510294A,2022-05-21,Nairobi,Construction,False
P836683966A,2023-04-07,Nairobi,Construction,True
P687058855A,2022-06-15,Nairobi,ICT,True
P214895712A,2022-07-31,Nairobi,Construction,True
P513388661A,2023-04-10,Nyeri,Hospitality,True
P599619610A,2022-08-22,Kiambu,Manufacturing,True
P983699666A,2024-08-11,Machakos,Manufacturing,True
P918033259A,2022-01-02,Nairobi,ICT,True
P901372471A,2023-09-23,Nyeri,Construction,False
P628596219A,2021-11-03,Nairobi,Manufacturing,True
P124721331A,2022-02-10,Uasin Gishu,Retail,True
P459899772A,2021-04-12,Nairobi,Retail,False
P210865380A,2024-07-01,Kiambu,Construction,True
P925380702A,2021-06-13,Mombasa,Hospitality,True
P965400542A,2023-08-25,Nyeri,ICT,True
P810628360A,2024-02-21,Uasin Gishu,Retail,True
P122456701A,2023-10-21,Nakuru,Financial Services,True
P228079803A,2024-08-09,Nairobi,Construction,True
P597180022A,2024-05-09,Nairobi,Hospitality,True
P762405361A,2020-03-22,Uasin Gishu,Construction,True
P956485594A,2020-09-12,Uasin Gishu,Financial Services,False
P262504462A,2022-12-06,Machakos,Retail,True
P418009840A,2022-07-23,Machakos,Construction,True
P582354021A,2024-01-22,Uasin Gishu,ICT,True
P878666816A,2022-12-19,Nairobi,Hospitality,True
P691426057A,2024-02-29,Nairobi,Financial Services,True
P105071328A,2020-05-16,Nairobi,Retail,True
P194963135A,2023-09-18,Kilifi,Construction,True
P339788716A,2021-06-04,Uasin Gishu,Manufacturing,True
P980071256A,2021-08-19,Mombasa,Retail,True
P670448516A,2024-03-06,Mombasa,Construction,True
P733342859A,2022-02-11,Kisumu,Hospitality,False
P737009074A,2020-08-23,Nairobi,ICT,True
P996450690A,2022-09-05,Nairobi,Manufacturing,True
P749734041A,2023-01-30,Nairobi,Retail,True
P708248706A,2024-08-19,Kiambu,Retail,True
P397714905A,2023-04-21,Kilifi,Hospitality,True
P246942725A,2022-10-22,Nairobi,Financial Services,True
P789630919A,2020-07-12,Nairobi,ICT,True
P423828521A,2021-11-23,Kajiado,ICT,True
P627512297A,2020-11-29,Nairobi,Construction,True
P424212459A,2024-05-03,Machakos,Retail,False
P770134882A,2022-10-16,Nairobi,Retail,False
P569120564A,2024-01-05,Nairobi,Financial Services,True
P649710895A,2020-04-14,Mombasa,Financial Services,False
P246322714A,2021-02-21,Nyeri,Manufacturing,True
P328264725A,2024-06-01,Nairobi,Financial Services,True
P746354668A,2024-02-19,Kilifi,ICT,True
P266474285A,2021-06-16,Kisumu,Hospitality,False
P848749105A,2020-04-01,Nairobi,Financial Services,False
P527634168A,2020-02-27,Mombasa,Construction,True
P360688480A,2022-01-25,Kiambu,ICT,False
P883103431A,2023-01-12,Kajiado,Hospitality,False
P229327980A,2020-12-27,Nakuru,Retail,True
P635324296A,2024-01-08,Kilifi,Manufacturing,True
P928351144A,2023-12-10,Nairobi,Retail,True
P475821941A,2020-10-04,Nairobi,Financial Services,True
P240636267A,2022-11-03,Mombasa,Construction,True
P161166181A,2023-08-21,Nairobi,ICT,True
P781615301A,2020-09-10,Kajiado,Construction,True
P251068108A,2021-04-11,Kisumu,Retail,True
P550507557A,2024-06-21,Nairobi,Manufacturing,True
P308839958A,2020-07-18,Kilifi,Retail,True
P515862007A,2023-10-24,Uasin Gishu,Retail,True
P830856681A,2023-05-12,Mombasa,ICT,True
P848499613A,2023-10-24,Mombasa,Financial Services,True
P946457322A,2021-07-30,Nairobi,ICT,True
P694051775A,2023-05-24,Nairobi,Construction,True
P828390464A,2023-08-16,Mombasa,Financial Services,True
P193115360A,2022-12-02,Mombasa,Hospitality,False
P119644273A,2024-11-04,Kisumu,Retail,True
P247977753A,2021-09-20,Kisumu,Manufacturing,True
P611396293A,2024-05-19,Nairobi,ICT,True
P568162517A,2023-02-05,Kiambu,Hospitality,True
P611255135A,2023-01-25,Mombasa,Construction,True
P909134759A,2023-03-21,Mombasa,Manufacturing,True
P949940429A,2020-11-09,Kajiado,Retail,True
P221401884A,2022-12-01,Nairobi,ICT,True
P792435905A,2020-11-23,Nairobi,Financial Services,True
P185763378A,2023-03-25,Kajiado,Financial Services,True
P350225322A,2024-10-15,Kisumu,Financial Services,True
P362877100A,2022-07-12,Kisumu,ICT,True
P542640920A,2020-04-17,Nakuru,ICT,False
P658453290A,2022-03-04,Nairobi,Hospitality,True
P792821738A,2023-05-14,Machakos,ICT,True
P444597759A,2023-01-08,Kajiado,Retail,True
P664617814A,2024-05-04,Uasin Gishu,Retail,True
P789048880A,2022-10-14,Nairobi,Financial Services,True
P921963518A,2020-01-04,Nakuru,Financial Services,True
P438441264A,2021-03-30,Nairobi,Manufacturing,True
P742587435A,2024-03-13,Mombasa,Financial Services,False
P714287357A,2020-12-22,Machakos,Financial Services,True
P669915815A,2022-01-11,Nyeri,Manufacturing,True
P337970990A,2023-09-25,Kilifi,Construction,True
P872440109A,2021-05-16,Kajiado,Financial Services,True
P658597759A,2023-06-05,Nakuru,Construction,True
P605468956A,2022-04-05,Nakuru,Financial Services,True
P332589714A,2024-06-29,Nairobi,Construction,True
P141306423A,2020-09-18,Nairobi,Construction,True
P746076753A,2023-04-17,Uasin Gishu,Manufacturing,True
P988730477A,2023-08-12,Nairobi,Retail,True
P341133103A,2021-06-15,Nairobi,Manufacturing,True
P145921584A,2022-11-04,Kajiado,Financial Services,True
P916124746A,2024-05-08,Nairobi,ICT,False
P122642828A,2023-06-15,Nairobi,ICT,True
P661340455A,2021-11-08,Nairobi,Retail,True
P916244650A,2021-02-20,Nairobi,Financial Services,True
P576073618A,2022-09-02,Nairobi,ICT,True
P572986987A,2021-10-13,Nyeri,ICT,True
P662948986A,2020-05-31,Machakos,Hospitality,True
P294544139A,2024-01-30,Machakos,Manufacturing,True
P622994461A,2020-07-31,Kisumu,ICT,False
P394232715A,2021-08-03,Nairobi,Financial Services,False
P685483708A,2023-06-07,Nyeri,Hospitality,True
P501792663A,2020-02-22,Kajiado,ICT,True
P718196310A,2023-05-24,Nairobi,Manufacturing,False
P901666511A,2024-02-24,Nairobi,Construction,True
P429738664A,2021-10-14,Nairobi,Manufacturing,True
P897214152A,2024-08-10,Kisumu,Hospitality,True
P519747970A,2021-09-26,Kisumu,ICT,False
P938501282A,2020-10-11,Kisumu,Retail,True
P944899458A,2021-02-10,Nairobi,Manufacturing,True
P256816609A,2021-12-03,Nairobi,ICT,True
P933128547A,2023-06-10,Nakuru,Manufacturing,True
P693442384A,2023-09-28,Nairobi,Construction,True
P671472805A,2021-12-16,Nairobi,Financial Services,False
P309462561A,2021-05-16,Nakuru,ICT,True
P734194438A,2022-02-27,Nairobi,Manufacturing,True
P417663926A,2022-03-15,Nairobi,Construction,True
P294171122A,2023-02-28,Nairobi,Manufacturing,True
P812137077A,2024-04-29,Nairobi,Financial Services,True
P611885879A,2022-11-24,Kiambu,Manufacturing,True
P351094253A,2023-02-19,Nairobi,Financial Services,True
P261881497A,2024-03-14,Nairobi,Hospitality,True
P994332619A,2021-03-19,Kajiado,Retail,True
P909442182A,2021-02-20,Nyeri,Construction,False
P185027191A,2023-08-27,Mombasa,ICT,True
P645289990A,2021-02-17,Uasin Gishu,ICT,True
P415903596A,2023-07-30,Nairobi,Retail,True
P541804923A,2022-05-20,Nairobi,Construction,False
P296954025A,2020-02-24,Kiambu,ICT,True
P497790294A,2021-06-08,Kajiado,ICT,True
P641771200A,2024-11-24,Nairobi,Construction,True
P443205456A,2023-08-09,Kilifi,ICT,True
P717367470A,2022-09-12,Nairobi,Manufacturing,False
P955986086A,2022-11-19,Kisumu,Manufacturing,False
P873973409A,2021-12-28,Nairobi,ICT,True
P648135302A,2020-06-21,Nyeri,ICT,False
P516586717A,2024-06-05,Nairobi,Retail,True
P590465527A,2023-02-06,Uasin Gishu,Financial Services,True
P275050360A,2022-01-27,Nairobi,ICT,False
P764334900A,2022-08-02,Nairobi,Retail,False
P438266793A,2023-05-14,Mombasa,Retail,True
P196969958A,2022-10-03,Mombasa,Financial Services,True
P467027948A,2021-07-30,Kisumu,Hospitality,True
P441204952A,2024-07-14,Nairobi,Hospitality,True
P978866142A,2022-06-05,Kilifi,Manufacturing,True
P323742195A,2023-06-10,Nairobi,Hospitality,True
P813362043A,2020-08-09,Nairobi,Construction,True
P262829349A,2021-09-12,Nairobi,Retail,True
P668957574A,2022-09-18,Machakos,Manufacturing,True
P740548869A,2023-10-20,Nairobi,Manufacturing,False
P149926622A,2023-05-06,Kajiado,Construction,False
P800383667A,2023-01-25,Uasin Gishu,Hospitality,True
P529364699A,2022-03-09,Kiambu,ICT,True
P831186262A,2020-05-31,Uasin Gishu,Construction,True
P337596879A,2023-05-27,Nyeri,Retail,False
P490878317A,2021-06-24,Nairobi,ICT,True
P747964354A,2022-06-13,Kajiado,Manufacturing,True
P801627380A,2022-11-13,Kiambu,Hospitality,True
P521818349A,2021-04-15,Kiambu,Construction,False
P131013221A,2020-10-20,Nyeri,Manufacturing,True
P114570758A,2024-09-12,Nyeri,Retail,True
P982933074A,2022-08-27,Uasin Gishu,Manufacturing,False
P933844899A,2023-05-29,Nyeri,ICT,True
P959940555A,2020-11-18,Nairobi,Hospitality,True
P655055704A,2021-02-03,Machakos,ICT,True
P177078401A,2022-06-12,Kilifi,Financial Services,True
P114633016A,2022-06-29,Mombasa,Manufacturing,True
P814559805A,2020-09-29,Mombasa,Financial Services,True
P385182566A,2024-03-20,Kisumu,Hospitality,True
P945439787A,2020-02-29,Kajiado,Construction,True
P925644963A,2023-10-13,Kajiado,Financial Services,True
P289146812A,2022-03-15,Nairobi,Manufacturing,True
P652700423A,2023-01-30,Nyeri,Manufacturing,False
P710661106A,2024-05-05,Nairobi,Construction,True
P324765511A,2020-02-07,Nakuru,Retail,True
P171567378A,2022-08-09,Nyeri,Construction,True
P392069195A,2022-08-09,Nairobi,Construction,False
P739593485A,2022-09-24,Kilifi,Manufacturing,True
P954137827A,2021-12-18,Nairobi,Financial Services,True
P135884756A,2021-11-13,Nairobi,Financial Services,True
P872079098A,2024-10-09,Mombasa,Hospitality,True
P551389457A,2021-10-04,Nairobi,Financial Services,True
P628940967A,2020-09-01,Kisumu,Hospitality,True
P414973351A,2021-06-10,Kiambu,Hospitality,True
P545994439A,2024-08-05,Nakuru,Construction,True
P450206142A,2021-05-26,Nyeri,Manufacturing,True
P344616347A,2020-02-16,Nairobi,Financial Services,True
P795173651A,2023-04-14,Kilifi,Retail,True
P115794971A,2024-05-29,Nakuru,Hospitality,True
P810412402A,2020-04-16,Machakos,ICT,True
P835498914A,2022-09-13,Nairobi,Retail,True
P999451171A,2023-09-24,Kajiado,Retail,True
P879940136A,2024-12-25,Nairobi,Hospitality,True
P216872455A,2021-03-22,Kiambu,ICT,False
P960279015A,2022-06-07,Mombasa,Manufacturing,True
P704168467A,2024-10-30,Nakuru,Hospitality,False
P595964011A,2023-02-15,Nairobi,Hospitality,False
P745673539A,2022-03-04,Nairobi,Retail,True
P870157925A,2022-07-26,Mombasa,Hospitality,True
P933275528A,2022-09-29,Uasin Gishu,Manufacturing,True
P359942528A,2020-11-23,Uasin Gishu,Manufacturing,True
P812584882A,2023-03-22,Kiambu,ICT,True
P542932668A,2022-09-17,Nairobi,Construction,True
P522824709A,2022-09-25,Kajiado,ICT,True
P933343225A,2020-08-07,Nairobi,Construction,True
P729173002A,2020-12-17,Kiambu,Construction,False
P108395603A,2023-03-01,Kilifi,Manufacturing,True
P612885991A,2020-02-10,Nairobi,Financial Services,True
P745324003A,2020-09-17,Machakos,Financial Services,True
P582407899A,2023-04-19,Kisumu,Construction,True
P603688266A,2022-08-29,Mombasa,ICT,True
P573201693A,2020-08-03,Uasin Gishu,Construction,True
P401130538A,2020-08-23,Nyeri,Manufacturing,True
P517289125A,2021-09-09,Kiambu,Manufacturing,True
P348959489A,2023-04-14,Nairobi,Retail,True
P912832228A,2022-01-10,Kiambu,Manufacturing,True
P956829859A,2022-07-21,Nairobi,Retail,True
P570748678A,2024-07-14,Nairobi,Financial Services,False
P685043773A,2023-08-23,Nairobi,ICT,True
P841272668A,2023-12-16,Nairobi,Hospitality,True
P600504161A,2021-09-24,Nairobi,Retail,True
P359113494A,2024-04-22,Kajiado,ICT,True
P114685646A,2023-12-24,Kisumu,ICT,True
P847744170A,2020-09-20,Kiambu,Retail,True
P372643541A,2022-11-30,Nairobi,Construction,True
P878092433A,2021-02-03,Mombasa,ICT,True
P214563834A,2024-04-16,Nairobi,Construction,True
P424540435A,2021-04-17,Kisumu,Retail,True
P550079921A,2021-01-11,Mombasa,Financial Services,True
P129644298A,2024-01-07,Kajiado,Manufacturing,True
P482723813A,2020-06-29,Nairobi,ICT,True
P320937569A,2021-09-29,Nairobi,ICT,True
P745427964A,2022-12-24,Machakos,Construction,True
P200986440A,2020-05-15,Nairobi,Construction,True
P848596524A,2023-07-26,Machakos,Financial Services,False
P150209302A,2023-10-02,Nyeri,Financial Services,True
P581680703A,2022-04-14,Mombasa,ICT,False
P755288711A,2020-09-03,Kajiado,Financial Services,True
P541395659A,2021-08-19,Nairobi,Construction,False
P452204482A,2020-07-09,Nyeri,Retail,True
P512696773A,2021-04-15,Nairobi,Hospitality,True
P701044912A,2020-06-12,Nyeri,Financial Services,True
P566805582A,2020-01-18,Mombasa,Financial Services,True
P769650369A,2023-04-19,Kisumu,Hospitality,True
P658729430A,2020-01-14,Uasin Gishu,Construction,False
P579243381A,2021-10-26,Nairobi,Retail,True
P323094375A,2024-10-08,Nyeri,ICT,True
P461253924A,2022-04-05,Nyeri,Retail,True
P560462474A,2023-10-29,Nairobi,ICT,True
P674879018A,2023-10-21,Kiambu,ICT,True
P185723063A,2020-08-22,Kisumu,Retail,True
P477578171A,2020-07-09,Nakuru,Construction,True
P437954156A,2022-05-20,Nairobi,Construction,True
P274004422A,2020-01-27,Kisumu,Manufacturing,True
P528249742A,2021-11-21,Mombasa,Manufacturing,True
P567240956A,2020-03-12,Nyeri,Hospitality,True
P701073832A,2022-05-01,Nyeri,Construction,False
P635320505A,2022-02-06,Nairobi,ICT,True
P540517200A,2024-04-27,Nairobi,Financial Services,True
P601271814A,2022-04-03,Mombasa,Retail,True
P433545545A,2024-07-04,Kisumu,Financial Services,True
P945356237A,2024-12-24,Machakos,Manufacturing,True
P294271451A,2021-10-02,Kisumu,ICT,True
P605883291A,2023-10-16,Kisumu,Manufacturing,True
P569355168A,2024-07-28,Machakos,Retail,True
P626032117A,2024-02-08,Nairobi,Manufacturing,True
P739324564A,2022-09-16,Nyeri,Financial Services,True
P648969565A,2023-11-26,Kajiado,Financial Services,True
P635559254A,2023-06-04,Machakos,Manufacturing,False
P395753184A,2023-07-18,Uasin Gishu,Retail,True
P388882485A,2021-02-18,Nakuru,ICT,True
P960420388A,2021-06-28,Kajiado,ICT,False
P165889730A,2023-04-27,Nairobi,ICT,True
P134007526A,2022-04-30,Uasin Gishu,ICT,True
P876206427A,2024-01-29,Nairobi,ICT,True
P567894789A,2020-11-22,Machakos,ICT,False
P284341818A,2024-04-07,Nairobi,Construction,True
P389675330A,2023-12-31,Kisumu,Manufacturing,False
P397709045A,2024-08-01,Nyeri,Manufacturing,True
P451566342A,2024-06-13,Nyeri,Construction,True
P628065659A,2020-10-31,Kajiado,Financial Services,True
P800070124A,2022-07-22,Mombasa,Manufacturing,False
P729829727A,2023-01-17,Nairobi,Construction,True
P323404735A,2023-02-10,Nairobi,Manufacturing,True
P733526454A,2021-12-30,Nairobi,Construction,True
P173706961A,2022-05-23,Nairobi,Financial Services,True
P693229351A,2020-02-23,Nairobi,Construction,True
P546577526A,2022-07-12,Nakuru,ICT,True
P883981394A,2023-11-09,Uasin Gishu,Manufacturing,True
P314473947A,2020-01-08,Nairobi,ICT,True
P682178434A,2023-12-04,Uasin Gishu,Construction,True
P114910882A,2020-03-15,Kajiado,Financial Services,True
P150093123A,2021-08-05,Kisumu,Retail,True
P239137125A,2024-07-03,Nairobi,Construction,True
P203560153A,2020-10-17,Nairobi,Hospitality,True
P727367190A,2023-05-18,Uasin Gishu,Financial Services,True
P966703797A,2024-06-03,Kiambu,Financial Services,True
P714415154A,2020-06-20,Nakuru,ICT,True
P134314712A,2020-07-06,Nairobi,Financial Services,True
P524509401A,2021-10-21,Nairobi,Hospitality,True
P753986572A,2023-06-24,Kisumu,ICT,True
P793400208A,2022-09-27,Kisumu,ICT,True
P800539153A,2020-12-13,Kajiado,Hospitality,True
P231848766A,2021-04-11,Kiambu,Construction,True
P143064139A,2023-10-04,Mombasa,Hospitality,True
P888498399A,2021-01-20,Nairobi,Manufacturing,False
P856622816A,2021-11-30,Nairobi,Manufacturing,True
P192887703A,2020-11-16,Nyeri,Retail,True
P143467311A,2023-11-08,Nyeri,Construction,True
P553181904A,2022-02-22,Kilifi,Manufacturing,True
P523476008A,2020-09-06,Kilifi,Construction,True
P969505972A,2020-09-19,Nyeri,ICT,True
P931174193A,2023-03-11,Nairobi,Hospitality,True
P425439588A,2023-08-05,Nairobi,Retail,True
P347282897A,2020-03-11,Nairobi,Construction,True
P461999634A,2020-11-27,Kiambu,Manufacturing,True
P389654234A,2024-05-14,Kilifi,Hospitality,True
P112335117A,2024-07-14,Nairobi,Hospitality,True
P390123390A,2022-11-17,Nairobi,Manufacturing,True
P435132692A,2020-04-18,Nairobi,Construction,True
P692465680A,2021-11-02,Nairobi,Hospitality,False
P931779311A,2020-11-07,Nairobi,Retail,True
P269648030A,2020-08-26,Uasin Gishu,ICT,True
P303958013A,2024-04-02,Nyeri,Financial Services,True
P973489244A,2024-06-25,Machakos,Construction,True
P490395690A,2022-02-14,Nairobi,Financial Services,True
P719677905A,2024-07-12,Nyeri,ICT,True
P728645536A,2021-03-20,Kajiado,Retail,True
P551234510A,2023-11-21,Nakuru,Hospitality,True
P601437085A,2021-04-09,Mombasa,Retail,True
P516506970A,2020-05-27,Nairobi,Hospitality,False
P992438443A,2024-12-10,Nairobi,Manufacturing,True
P822142097A,2021-12-02,Machakos,Hospitality,False
P840929804A,2020-07-24,Machakos,Manufacturing,True
P436757483A,2021-10-04,Mombasa,Financial Services,True
P119605387A,2021-12-24,Nairobi,Hospitality,True
P693383759A,2024-10-05,Nairobi,Construction,True
P561310133A,2022-01-15,Nyeri,Retail,True
P308974913A,2023-09-06,Nairobi,Financial Services,True
P685758720A,2021-04-01,Kilifi,Manufacturing,True
P540486768A,2022-11-21,Kilifi,Financial Services,True
P873754813A,2024-06-16,Kisumu,Construction,True
P445805520A,2022-09-19,Kajiado,Financial Services,True
P866470138A,2023-11-28,Kiambu,Construction,True
P767880879A,2023-02-18,Nairobi,Retail,False
P743004715A,2020-10-11,Machakos,Financial Services,True
P954895283A,2021-07-27,Nakuru,Construction,True
P831767237A,2021-12-19,Nairobi,Manufacturing,True
P164466657A,2023-01-16,Nairobi,Construction,True
P166901527A,2022-10-09,Nyeri,Manufacturing,True
P258863054A,2022-07-29,Kiambu,Retail,True
P627349908A,2022-05-08,Nairobi,Financial Services,True
P972910924A,2021-12-07,Kisumu,Retail,True
P804194153A,2020-06-04,Mombasa,ICT,True
P645386987A,2020-09-11,Kiambu,Financial Services,True
P473878392A,2023-01-10,Nakuru,Retail,True
P256883365A,2020-06-15,Nairobi,ICT,False
P159281939A,2020-08-20,Nairobi,ICT,True
P271680054A,2020-06-22,Nyeri,Financial Services,True
P918838442A,2021-10-25,Kisumu,Construction,True
P756329642A,2022-03-02,Kiambu,Hospitality,True
P407224052A,2024-06-04,Nairobi,Hospitality,True
P290155785A,2020-09-25,Kisumu,Retail,True
P873135429A,2023-09-27,Nairobi,Manufacturing,False
P212218415A,2024-06-15,Nairobi,Financial Services,True
P990160042A,2024-09-15,Nairobi,Manufacturing,False
P945294615A,2024-01-28,Nairobi,Construction,True
P175596134A,2021-04-26,Nakuru,Financial Services,True
P341310661A,2024-06-01,Kajiado,Hospitality,True
P853618393A,2024-08-30,Nairobi,Construction,True
P706041875A,2024-07-20,Kisumu,Financial Services,True
P568646680A,2020-05-11,Uasin Gishu,Hospitality,True
P236561319A,2021-09-30,Nairobi,Manufacturing,True
P641413217A,2022-01-03,Nyeri,ICT,True
P179259415A,2023-01-15,Nyeri,Construction,False
P599500548A,2021-11-14,Nairobi,Retail,True
P390996929A,2022-10-04,Nairobi,Manufacturing,True
P118584856A,2020-07-27,Nairobi,ICT,True
P371782431A,2024-03-15,Nairobi,Construction,True
P993896932A,2020-02-07,Nairobi,Hospitality,True
P248238293A,2023-07-14,Nairobi,ICT,True
P448908735A,2021-03-05,Nairobi,ICT,True
P900140082A,2020-10-26,Nairobi,Hospitality,True
P818425159A,2020-10-15,Kilifi,ICT,True
P886429938A,2023-07-06,Nairobi,Construction,True
P690079321A,2024-03-02,Kiambu,ICT,True
P423459154A,2024-07-24,Mombasa,ICT,True
P201514192A,2023-07-23,Nakuru,ICT,False
P356017357A,2024-05-07,Nairobi,Retail,True
P325559931A,2022-04-16,Nairobi,Retail,True
P535585282A,2021-03-18,Kajiado,Financial Services,True
P340766176A,2024-11-24,Kajiado,Construction,True
P575257180A,2020-08-11,Nairobi,Manufacturing,True
P682800825A,2021-01-16,Mombasa,Retail,False
P829876581A,2022-05-03,Mombasa,Construction,False
P994088374A,2024-08-25,Kisumu,Hospitality,True
P602985109A,2021-09-14,Nairobi,Manufacturing,True
P612835615A,2020-02-23,Mombasa,Hospitality,True
P800157802A,2021-07-01,Uasin Gishu,Retail,True
P196990025A,2022-12-31,Nairobi,ICT,True
P726641466A,2020-12-03,Kisumu,Financial Services,True
P193455972A,2024-04-17,Machakos,Financial Services,True
P250698065A,2021-11-24,Kisumu,Manufacturing,True
P328588194A,2020-02-27,Nairobi,Financial Services,True
P346535324A,2020-02-14,Machakos,Financial Services,True
P290724618A,2020-07-08,Nairobi,ICT,True
P599481145A,2021-09-03,Machakos,Manufacturing,True
P594745691A,2021-11-12,Kiambu,Construction,True
P246026151A,2020-08-13,Nairobi,ICT,True
P296035111A,2023-03-18,Nakuru,ICT,False
P699291649A,2024-06-08,Machakos,Manufacturing,True
P964130260A,2021-08-07,Nairobi,Financial Services,True
P181324804A,2023-08-27,Nairobi,Financial Services,True
P315510950A,2021-09-16,Nairobi,Manufacturing,True
P858481229A,2022-05-14,Uasin Gishu,Retail,True
P465392131A,2022-03-29,Nairobi,Construction,False
P258236959A,2022-10-14,Kisumu,Retail,True
P612258704A,2020-02-23,Nairobi,Construction,False
P230765046A,2021-09-05,Nairobi,Hospitality,True
P215378489A,2020-01-02,Kiambu,Retail,True
P211831102A,2024-05-01,Nakuru,Financial Services,True
P818169573A,2024-08-30,Nairobi,Retail,True
P607086169A,2024-02-22,Nairobi,Construction,True
P685343655A,2024-03-07,Nairobi,Financial Services,False
P361965960A,2023-07-24,Nairobi,ICT,False
P881861666A,2023-04-10,Kisumu,Hospitality,True
P227427878A,2024-06-11,Nakuru,Hospitality,True
P618260471A,2022-02-05,Kiambu,Retail,True
P824136894A,2021-09-07,Nairobi,Financial Services,True
P569738568A,2023-11-16,Uasin Gishu,Retail,True
P786961721A,2023-08-01,Nairobi,Financial Services,False
P577390349A,2022-09-09,Kiambu,ICT,True
P695667054A,2021-04-21,Nairobi,Construction,True
P305311288A,2022-08-31,Nairobi,Hospitality,False
P949239822A,2024-11-08,Uasin Gishu,ICT,True
P725938730A,2020-07-28,Kilifi,Construction,False
P532663273A,2020-12-02,Machakos,Retail,True
P346620703A,2022-12-31,Nairobi,Manufacturing,True
P992273249A,2023-03-23,Mombasa,Manufacturing,True
P441685956A,2022-10-26,Nairobi,Manufacturing,True
P815596990A,2021-10-15,Nairobi,ICT,True
P614945591A,2020-03-20,Kiambu,Retail,True
P799839958A,2024-03-31,Nairobi,ICT,True
P470449098A,2023-05-01,Nairobi,Hospitality,False
P443149531A,2024-05-01,Mombasa,ICT,True
P435993229A,2024-09-26,Kisumu,Financial Services,True
P752150270A,2024-02-07,Machakos,Hospitality,True
P803876979A,2020-04-01,Nakuru,Manufacturing,True
P760790026A,2023-08-22,Nyeri,Manufacturing,False
P405056254A,2020-05-13,Nairobi,ICT,True
P977317356A,2023-01-30,Uasin Gishu,Hospitality,True
P846639655A,2021-06-28,Nairobi,Financial Services,True
P192996645A,2020-02-28,Machakos,Construction,True
P752211663A,2023-12-09,Machakos,ICT,True
P544841128A,2024-12-17,Nairobi,Hospitality,False
P575513568A,2024-02-17,Nairobi,Hospitality,True
P270574989A,2022-12-06,Kiambu,Retail,True
P927258386A,2021-09-19,Kajiado,Manufacturing,False
P733664155A,2023-09-04,Nakuru,Manufacturing,True
P683965492A,2022-01-05,Mombasa,Retail,False
P212066683A,2022-05-23,Nairobi,Manufacturing,True
P774834447A,2022-03-13,Machakos,Retail,True
P270592917A,2024-12-27,Nairobi,Manufacturing,True
P745250843A,2024-01-05,Kiambu,Retail,True
P727027503A,2023-10-21,Mombasa,Retail,True
P693725536A,2021-10-10,Nairobi,Manufacturing,True
P442546659A,2023-08-24,Nairobi,Hospitality,False
P534013165A,2022-12-06,Nyeri,ICT,False
P949460351A,2021-03-29,Uasin Gishu,Construction,True
P729115085A,2022-12-21,Kisumu,Hospitality,True
P690854666A,2023-09-23,Nairobi,Financial Services,True
P985405695A,2020-12-10,Nairobi,Manufacturing,True
P406026963A,2022-04-22,Nairobi,Retail,False
P542982334A,2023-03-18,Nairobi,Manufacturing,True
P590626420A,2021-03-10,Nairobi,Construction,True
P114122767A,2021-01-05,Nairobi,Construction,True
P513176183A,2020-10-11,Nairobi,Manufacturing,True
P694285236A,2020-10-26,Kiambu,Financial Services,True
P835301703A,2023-05-23,Nairobi,Hospitality,True
P249792460A,2023-05-09,Nairobi,Construction,True
P171838362A,2024-11-23,Nairobi,Hospitality,True
P460130710A,2023-05-22,Nairobi,ICT,True
P992021911A,2021-07-26,Nairobi,Financial Services,True
P638729078A,2022-07-07,Nairobi,Financial Services,True
P951420321A,2020-07-10,Mombasa,Hospitality,True
P423932448A,2022-04-21,Nairobi,Financial Services,True
P790299958A,2022-11-22,Kisumu,Manufacturing,True
P357251979A,2020-05-13,Nairobi,Construction,True
P867882878A,2021-03-17,Uasin Gishu,Financial Services,True
P693377121A,2020-02-02,Nyeri,Financial Services,True
P446928297A,2022-07-05,Kisumu,ICT,True
P981707711A,2022-10-03,Nairobi,Retail,True
P472011418A,2020-05-28,Nairobi,Retail,False
P630948647A,2024-05-10,Mombasa,Manufacturing,True
P975473826A,2024-11-08,Nakuru,Construction,True
P907002255A,2023-09-30,Nairobi,Construction,False
P210700296A,2020-03-21,Nairobi,ICT,True
P614864650A,2020-04-11,Machakos,Hospitality,True
P366876709A,2022-09-24,Kajiado,ICT,True
P334458367A,2022-09-15,Mombasa,Retail,False
P369476402A,2020-06-16,Nairobi,Financial Services,True
P288423260A,2022-07-11,Nairobi,ICT,True
P213704929A,2023-10-02,Nyeri,Manufacturing,True
P842853758A,2023-04-18,Nyeri,Retail,True
P756069732A,2024-09-02,Nairobi,Manufacturing,True
P262706888A,2024-05-22,Kisumu,Retail,True
P705804792A,2023-08-29,Nairobi,Financial Services,True
P574529957A,2021-02-20,Nakuru,ICT,True
P481844393A,2023-02-23,Kiambu,Financial Services,True
P846448754A,2020-06-10,Machakos,Retail,True
P548319429A,2022-07-18,Nakuru,Manufacturing,True
P253396324A,2020-11-20,Nairobi,ICT,True
P517006419A,2022-07-03,Machakos,Financial Services,True
P488041640A,2020-06-10,Machakos,Construction,True
P436504025A,2024-10-13,Nakuru,Manufacturing,True
P561061308A,2021-03-04,Nairobi,ICT,True
P314997562A,2022-12-17,Uasin Gishu,ICT,True
P377591298A,2023-02-20,Kilifi,Construction,True
P905586097A,2020-06-06,Nairobi,Retail,False
P357997567A,2023-04-29,Kiambu,Manufacturing,True
P448259012A,2024-02-16,Kiambu,Construction,True
P458258570A,2024-09-16,Nairobi,Retail,True
P842160939A,2020-08-31,Nakuru,Manufacturing,True
P548048521A,2023-12-21,Nairobi,ICT,False
P555061094A,2023-10-03,Nakuru,Financial Services,True
P707011671A,2021-08-22,Kiambu,Hospitality,False
P924743547A,2021-10-15,Machakos,Manufacturing,True
P413942328A,2024-01-14,Kisumu,Retail,False
P665883281A,2024-07-22,Kiambu,Financial Services,True
P965187953A,2024-03-19,Kajiado,Construction,True
P129187787A,2021-05-07,Machakos,ICT,True
P932816383A,2024-09-01,Nairobi,Retail,True
P915548280A,2022-06-13,Nairobi,Construction,True
P944343619A,2022-07-07,Kiambu,Retail,True
P793274247A,2024-12-13,Nairobi,Manufacturing,True
P205002656A,2020-09-17,Nairobi,Financial Services,False
P672105266A,2023-08-25,Mombasa,ICT,True
P105099989A,2021-06-02,Kajiado,Financial Services,True
P582766530A,2024-06-22,Mombasa,Financial Services,True
P309853246A,2022-10-12,Nairobi,Retail,True
P552535646A,2022-09-23,Kisumu,Construction,True
P226603731A,2023-11-09,Machakos,Retail,True
P128006607A,2020-06-01,Kajiado,Manufacturing,True
P976782171A,2020-01-28,Kiambu,Construction,True
P964529756A,2022-10-22,Mombasa,Manufacturing,True
P584779759A,2020-11-09,Nairobi,Financial Services,True
P859680874A,2020-12-29,Nairobi,Financial Services,True
P369537154A,2024-12-17,Nairobi,Hospitality,True
P156423937A,2023-01-21,Kiambu,Construction,True
P474719822A,2020-11-10,Nyeri,Construction,True
P361971388A,2021-09-02,Kiambu,ICT,True
P585977867A,2024-02-28,Mombasa,Construction,True
P723446738A,2023-08-17,Uasin Gishu,Manufacturing,True
P969672217A,2022-06-22,Machakos,Retail,True
P196522474A,2023-08-19,Kiambu,Financial Services,True
P537708211A,2020-07-07,Nairobi,Retail,True
P454447166A,2023-11-25,Nairobi,Hospitality,True
P529855887A,2024-05-08,Nairobi,Retail,True
P445306379A,2021-04-08,Kisumu,Construction,True
P877452831A,2022-09-26,Nakuru,Hospitality,True
P146637300A,2023-04-24,Nairobi,Hospitality,True
P570484335A,2020-07-28,Nairobi,Construction,True
P543248934A,2023-04-10,Kisumu,ICT,True
P437398311A,2021-05-19,Kilifi,Construction,True
P367620762A,2024-04-30,Nairobi,Financial Services,True
P307976961A,2024-08-16,Uasin Gishu,Retail,True
P744581750A,2021-06-24,Nyeri,Hospitality,False
P154428707A,2021-09-19,Nairobi,ICT,False
P297252848A,2020-05-10,Kilifi,ICT,False
P477446413A,2023-01-27,Nairobi,Construction,False
P457502962A,2024-02-20,Kilifi,Construction,False
P315979770A,2024-10-26,Kisumu,Construction,True
P628576524A,2020-06-23,Nyeri,Financial Services,True
P693955080A,2024-05-06,Nairobi,Manufacturing,True
P236987413A,2022-01-01,Nairobi,Financial Services,True
P767068393A,2024-05-24,Nakuru,Construction,False
P522080891A,2021-05-27,Nairobi,ICT,True
P387395460A,2020-09-22,Kilifi,Manufacturing,True
P356048192A,2020-04-23,Nairobi,Construction,True
P264098605A,2023-12-31,Kilifi,ICT,True
P740124525A,2023-12-14,Mombasa,Hospitality,True
P220270105A,2022-11-24,Nairobi,Retail,False
P585080932A,2021-12-01,Uasin Gishu,Construction,True
P396335320A,2020-05-20,Uasin Gishu,Financial Services,True
P583973833A,2020-06-13,Kajiado,ICT,True
P823812361A,2020-11-27,Nairobi,Hospitality,False
P152576231A,2023-07-18,Machakos,Retail,True
P129326411A,2023-03-28,Machakos,Manufacturing,False
P194250921A,2023-03-24,Nairobi,Hospitality,True
P863670861A,2023-09-29,Kiambu,ICT,True
P660954102A,2023-07-17,Kajiado,Construction,True
P543155474A,2022-08-29,Mombasa,Construction,True
P273469339A,2024-10-03,Kilifi,Construction,True
P507106454A,2020-04-28,Kisumu,Construction,True
P125504633A,2020-11-22,Nairobi,ICT,True
P814681082A,2023-10-28,Nyeri,Manufacturing,True
P859873049A,2021-11-05,Nairobi,Manufacturing,True
P549541295A,2023-03-18,Kisumu,Hospitality,True
P209361892A,2021-04-26,Nakuru,Retail,True
P984597215A,2020-09-04,Nairobi,Construction,True
P709809413A,2022-10-18,Nairobi,Manufacturing,True
P870410540A,2021-09-23,Nakuru,ICT,True
P998350372A,2024-10-30,Nakuru,Hospitality,True
P314346222A,2024-01-13,Nairobi,Retail,True
P789584151A,2022-06-28,Kiambu,Hospitality,True
P720527776A,2022-01-29,Kajiado,Manufacturing,True
P592089144A,2022-08-08,Nairobi,Hospitality,True
P575205936A,2020-07-19,Nairobi,Financial Services,True
P247366998A,2020-06-26,Mombasa,Hospitality,True
P681800484A,2021-06-02,Nyeri,Retail,True
P652107857A,2020-02-14,Nairobi,ICT,True
P801895943A,2023-03-17,Uasin Gishu,Construction,True
P680778207A,2020-12-19,Kajiado,ICT,True
P921430289A,2022-06-27,Kilifi,ICT,True
P993781678A,2022-03-10,Nairobi,Hospitality,False
P368586486A,2024-08-01,Nakuru,Retail,True
P886122255A,2023-04-03,Nairobi,ICT,True
P307698857A,2020-02-20,Nairobi,Retail,True
P736878227A,2020-07-20,Mombasa,Hospitality,True
P700200989A,2023-07-22,Machakos,Retail,True
P207978342A,2020-01-05,Nairobi,Hospitality,False
P929134926A,2020-10-07,Uasin Gishu,ICT,False
P441045186A,2021-02-23,Nairobi,Construction,True
P476071278A,2020-03-28,Mombasa,Construction,False
P645470929A,2022-10-27,Nairobi,Manufacturing,True
P106923930A,2020-03-14,Mombasa,Retail,True
P691419011A,2024-12-28,Nairobi,Financial Services,True
P658656749A,2022-10-27,Nairobi,Hospitality,True
P934611247A,2022-11-21,Nairobi,Retail,True
P521737883A,2023-12-08,Machakos,Construction,True
P294943529A,2024-12-29,Nairobi,Manufacturing,False
P403523991A,2022-03-27,Nairobi,ICT,True
P778651931A,2023-01-24,Mombasa,Manufacturing,True
P799465693A,2021-10-29,Nyeri,Manufacturing,False
P149427759A,2020-05-05,Nairobi,Manufacturing,True
P243792400A,2024-05-04,Kilifi,Retail,True
P350692209A,2023-10-04,Kiambu,Manufacturing,True
P117194811A,2024-06-01,Mombasa,ICT,False
P385617331A,2023-11-15,Nairobi,Hospitality,False
P521152170A,2020-03-14,Machakos,Financial Services,True
P394891186A,2021-10-19,Kisumu,ICT,True
P408882239A,2021-03-08,Mombasa,Manufacturing,True
P645924676A,2024-06-14,Kisumu,Hospitality,True
P938286641A,2021-03-24,Kajiado,Financial Services,True
P502788666A,2023-08-05,Nairobi,Construction,True
P703283971A,2020-03-03,Nairobi,Financial Services,True
P703506128A,2023-09-05,Nakuru,ICT,True
P185072409A,2022-06-29,Nairobi,Financial Services,True
P220870208A,2020-10-29,Nairobi,Retail,True
P233309769A,2024-11-24,Nairobi,Financial Services,True
P340718223A,2021-09-21,Kiambu,Financial Services,False
P388397600A,2021-07-19,Nairobi,Financial Services,True
P330815571A,2021-02-09,Mombasa,Financial Services,True
P618164191A,2021-06-01,Nairobi,Retail,True
P990679840A,2020-04-25,Nairobi,Financial Services,True
P478910872A,2022-06-01,Nakuru,Financial Services,True
P247302112A,2023-08-07,Nairobi,Manufacturing,True
P585163342A,2023-11-08,Nairobi,Financial Services,True
P691133129A,2021-08-01,Nyeri,Retail,True
P996386880A,2024-02-13,Kilifi,Construction,False
P812485426A,2023-01-08,Machakos,Construction,True
P914256510A,2022-08-10,Nakuru,Construction,True
P515949211A,2022-06-21,Nairobi,Financial Services,True
P558691300A,2020-04-22,Kisumu,Financial Services,True
P270262260A,2021-09-11,Nakuru,Hospitality,True
P703086065A,2021-07-17,Kajiado,Retail,True
P659114908A,2021-09-03,Machakos,Financial Services,False
P660388064A,2022-09-15,Nairobi,Manufacturing,True
P676796926A,2024-12-14,Kiambu,Hospitality,True
P449395041A,2021-02-03,Nakuru,Retail,True
P921013599A,2023-02-28,Kisumu,Retail,True
P622528212A,2024-11-02,Machakos,Construction,True
P590496019A,2023-12-20,Machakos,Hospitality,True
P654402225A,2020-05-31,Nakuru,Hospitality,True
P904828813A,2022-05-16,Nakuru,Manufacturing,False
P822543558A,2023-06-12,Mombasa,Manufacturing,True
P980561561A,2021-04-07,Nairobi,Retail,True
P932151005A,2020-03-07,Machakos,Construction,False
P880174416A,2021-02-09,Uasin Gishu,Retail,False
P220775818A,2024-10-20,Nakuru,ICT,True
P677231761A,2023-09-17,Mombasa,Financial Services,True
P579506240A,2023-07-20,Machakos,Manufacturing,True
P753362339A,2020-12-26,Kajiado,Financial Services,True
P213105783A,2023-05-09,Nairobi,Financial Services,True
P554869624A,2021-11-24,Nairobi,ICT,False
P920783891A,2022-04-06,Mombasa,ICT,True
P576144783A,2023-02-07,Nairobi,Financial Services,True
P432943996A,2021-07-24,Machakos,Financial Services,True
P978800785A,2024-10-24,Mombasa,Financial Services,True
P597836413A,2023-11-28,Kajiado,Construction,True
P243910389A,2023-09-28,Nairobi,Manufacturing,True
P300160728A,2020-03-11,Kiambu,Manufacturing,True
P982032226A,2023-05-04,Kiambu,Hospitality,True
P465479561A,2024-07-25,Nairobi,Hospitality,True
P502477170A,2022-04-03,Machakos,Financial Services,True
P686063809A,2021-01-21,Nairobi,Retail,False
P147850284A,2024-04-18,Mombasa,Hospitality,True
P742524156A,2021-05-17,Nakuru,Construction,True
P569687337A,2023-06-18,Nairobi,Financial Services,True
P275274433A,2022-01-04,Nakuru,Retail,False
P735960214A,2022-08-04,Nakuru,ICT,True
P413934939A,2024-11-30,Kisumu,Construction,True
P393400644A,2024-12-23,Nairobi,Financial Services,True
P445232114A,2021-06-29,Kiambu,Financial Services,True
P923608820A,2024-08-16,Kilifi,Retail,True
P123113026A,2024-02-23,Nairobi,Retail,True
P786467078A,2024-09-18,Nairobi,Financial Services,True
P971122985A,2023-03-07,Nairobi,Retail,True
P925582050A,2021-04-27,Nairobi,Construction,True
P132823708A,2020-01-23,Nairobi,Retail,True
P457502285A,2020-02-16,Kajiado,ICT,True
P640500092A,2022-01-09,Nakuru,Hospitality,True
P485978537A,2021-04-23,Nairobi,Construction,True
P503232461A,2023-09-21,Nairobi,Hospitality,True
P112497996A,2021-05-23,Kisumu,ICT,True
P240529856A,2020-08-23,Nairobi,Financial Services,True
P155402842A,2024-04-13,Nairobi,Hospitality,True
P644548470A,2020-10-29,Nairobi,Construction,True
P280831165A,2020-12-13,Nairobi,Retail,True
P671958866A,2020-04-20,Mombasa,ICT,True
P719358981A,2020-02-03,Kisumu,Retail,True
P695894573A,2024-03-12,Nairobi,Construction,True
P706293733A,2023-05-15,Kiambu,Financial Services,False
P908481871A,2020-03-10,Nairobi,Hospitality,True
P418948391A,2023-01-14,Nyeri,Construction,True
P662605435A,2020-10-15,Kilifi,Financial Services,True
P892072070A,2023-12-29,Nairobi,Hospitality,True
P732505481A,2024-07-02,Kiambu,Hospitality,True
P300287002A,2021-08-05,Nairobi,ICT,True
P795300609A,2020-01-17,Nairobi,ICT,True
P784836746A,2021-12-19,Nairobi,Financial Services,True
P934847241A,2021-06-08,Nairobi,Hospitality,True
P368909974A,2022-12-21,Nairobi,Financial Services,False
P592882574A,2021-03-21,Kiambu,Financial Services,True
P146096593A,2021-08-15,Machakos,Hospitality,True
P327231965A,2020-08-03,Nairobi,Manufacturing,True
P644195474A,2023-07-20,Uasin Gishu,Construction,True
P737824151A,2023-06-22,Machakos,Financial Services,True
P443145831A,2022-06-05,Nairobi,Hospitality,True
P500287708A,2024-05-03,Kiambu,Financial Services,True
P164620154A,2022-02-09,Nairobi,Financial Services,True
P327070809A,2023-01-23,Nairobi,Financial Services,True
P897547113A,2021-06-14,Nairobi,Construction,True
P358792403A,2023-11-26,Uasin Gishu,Financial Services,False
P593184440A,2023-07-28,Nairobi,Financial Services,True
P157969730A,2024-11-26,Machakos,Retail,True
P942858540A,2021-10-04,Kisumu,Retail,True
P297237054A,2022-04-08,Nairobi,Financial Services,True
P686761965A,2021-10-04,Kajiado,Hospitality,True
P388417735A,2023-06-22,Nairobi,ICT,True
P141681051A,2024-01-22,Nairobi,Hospitality,True
P913229808A,2023-06-27,Kiambu,Hospitality,True
P109777529A,2022-04-06,Nairobi,ICT,False
P346378791A,2024-11-06,Kilifi,Hospitality,True
P499757029A,2024-01-26,Mombasa,Manufacturing,True
P869572658A,2021-10-28,Kiambu,Manufacturing,True
P303058315A,2022-05-11,Kisumu,Hospitality,True
P340498115A,2023-07-15,Mombasa,Retail,True
P614980265A,2021-05-13,Nairobi,Hospitality,False
P443069509A,2023-02-03,Nairobi,Retail,True
P348152906A,2022-07-30,Nairobi,Hospitality,True
P260827474A,2022-07-20,Nairobi,Financial Services,True
P341743959A,2024-09-23,Nakuru,Financial Services,True
P306772296A,2024-06-06,Kilifi,ICT,True
P171697089A,2021-12-21,Mombasa,Retail,True
P429249521A,2024-12-04,Nairobi,Hospitality,True
P959012903A,2021-12-28,Mombasa,Manufacturing,True
P360677208A,2024-08-18,Kisumu,Retail,True
P592352536A,2020-11-16,Machakos,Retail,True
P170160923A,2024-08-22,Kisumu,Retail,True
P594515343A,2024-01-01,Kilifi,Hospitality,True
P906521117A,2022-12-25,Nyeri,Financial Services,False
P181621011A,2024-06-24,Nairobi,Hospitality,True
P522578093A,2023-12-01,Nairobi,Financial Services,True
P167054444A,2024-09-15,Nyeri,Retail,True
P364643399A,2021-02-25,Uasin Gishu,Manufacturing,True
P440511849A,2021-07-01,Kisumu,Manufacturing,True
P434173064A,2024-05-06,Nairobi,Hospitality,True
P674316005A,2021-09-06,Nairobi,Financial Services,True
P461092025A,2023-12-03,Kilifi,Manufacturing,True
P766368314A,2023-06-23,Mombasa,Hospitality,True
P613863893A,2023-06-13,Nakuru,Manufacturing,True
P533849964A,2020-07-01,Mombasa,Construction,True
P764674075A,2024-09-29,Uasin Gishu,Construction,True
P380323443A,2023-08-09,Machakos,Retail,False
P393653047A,2021-04-19,Nairobi,ICT,True
P942075539A,2023-06-11,Kiambu,Construction,True
P734062917A,2021-03-09,Mombasa,Hospitality,False
P220779952A,2022-02-06,Nairobi,Construction,True
P848430591A,2020-10-03,Uasin Gishu,Retail,True
P359195918A,2021-05-15,Mombasa,Hospitality,True
P395960330A,2020-08-21,Nairobi,Hospitality,True
P923516309A,2021-05-17,Mombasa,Financial Services,False
P677879641A,2024-02-13,Machakos,ICT,True
P748740614A,2021-12-07,Nairobi,Manufacturing,True
P793308553A,2021-12-20,Nairobi,Construction,True
P370952838A,2020-10-31,Kiambu,Construction,True
P338693960A,2023-01-25,Kiambu,Retail,True
P158143466A,2024-04-13,Nairobi,Construction,False
P493795237A,2021-12-17,Machakos,ICT,True
P326309586A,2024-09-23,Uasin Gishu,Manufacturing,True
P843802684A,2023-03-12,Mombasa,ICT,False
P900994261A,2022-06-16,Uasin Gishu,Financial Services,True
P931643174A,2023-05-03,Machakos,Financial Services,True
P692265747A,2024-11-02,Kilifi,Financial Services,True
P467365052A,2022-09-12,Kilifi,Construction,True
P870843603A,2023-03-17,Nairobi,ICT,True
P854462010A,2020-06-14,Kajiado,Hospitality,True
P372356871A,2024-11-03,Kilifi,Financial Services,True
P142740826A,2024-04-02,Nairobi,Construction,False
P442790377A,2023-05-04,Kisumu,Manufacturing,True
P576948661A,2024-02-20,Nairobi,Financial Services,True
P598082713A,2023-10-28,Kiambu,Hospitality,True
P215796744A,2022-04-06,Mombasa,Manufacturing,True
P104289271A,2024-09-08,Mombasa,ICT,False
P454217257A,2024-01-20,Mombasa,Hospitality,True
P621593893A,2022-03-25,Kilifi,Manufacturing,True
P682103252A,2020-04-15,Nairobi,Construction,True
P967494360A,2022-03-02,Nairobi,Retail,True
P602419618A,2024-06-18,Nairobi,ICT,False
P407749734A,2020-09-18,Nairobi,Retail,True
P754135688A,2022-01-10,Mombasa,Hospitality,False
P967637821A,2022-11-02,Kilifi,Construction,True
P532692908A,2020-05-02,Kiambu,Hospitality,True
P785449213A,2021-10-09,Mombasa,Hospitality,True
P188399104A,2021-11-27,Nairobi,Manufacturing,True
P399849175A,2022-01-10,Nairobi,Financial Services,False
P838821544A,2023-09-29,Nairobi,Financial Services,True
P849763074A,2022-07-26,Nairobi,Financial Services,True
P835988180A,2020-04-17,Kiambu,Financial Services,True
P708547504A,2022-05-27,Kiambu,Construction,True
P845793205A,2023-04-07,Nairobi,Manufacturing,True
P133084853A,2023-09-13,Nairobi,ICT,True
P381204509A,2020-01-02,Machakos,ICT,True
P101263795A,2020-09-25,Nakuru,ICT,True
P111870760A,2020-12-10,Kisumu,Hospitality,True
P250439163A,2020-07-16,Nairobi,Hospitality,True
P607295394A,2020-12-07,Nairobi,Retail,True
P100329624A,2023-10-19,Uasin Gishu,Construction,True
P648610397A,2024-07-30,Nairobi,ICT,True
P904467559A,2022-06-30,Mombasa,Financial Services,True
P147919169A,2022-03-21,Kisumu,Construction,True
P286822124A,2021-03-01,Kiambu,ICT,True
P510420234A,2021-07-31,Nakuru,Retail,True
P775700553A,2023-11-29,Nakuru,Hospitality,True
P936693984A,2020-12-03,Kiambu,Retail,True
P257929457A,2021-06-27,Nairobi,ICT,True
P364372593A,2024-10-22,Nairobi,Financial Services,True
P674045327A,2020-07-07,Kiambu,Retail,True
P459737211A,2022-09-25,Nakuru,Manufacturing,True
P607162682A,2024-08-30,Nyeri,Retail,True
P415313848A,2020-12-08,Nairobi,Financial Services,True
P198383456A,2024-09-03,Nyeri,Hospitality,True
P327496301A,2022-02-11,Nairobi,Financial Services,True
P993355727A,2024-11-29,Nairobi,Hospitality,True
P186228858A,2023-05-30,Kiambu,Hospitality,True
P417163732A,2023-03-09,Mombasa,Manufacturing,True
P772757958A,2020-08-03,Nairobi,Hospitality,True
P599037069A,2023-06-23,Uasin Gishu,Construction,True
P238915300A,2023-12-25,Nairobi,Hospitality,True
P366292913A,2020-05-30,Machakos,Hospitality,True
P322518689A,2024-09-16,Nakuru,Financial Services,True
P906473531A,2021-08-25,Mombasa,Manufacturing,True
P735011215A,2023-02-19,Nairobi,Manufacturing,False
P838769410A,2023-05-09,Nakuru,ICT,True
P158260982A,2024-01-01,Nyeri,Construction,False
P122095255A,2023-04-16,Nairobi,Retail,True
P504882295A,2021-03-17,Kisumu,Financial Services,False
P690155946A,2022-02-21,Nairobi,Manufacturing,True
P644619378A,2024-02-17,Machakos,Manufacturing,True
P352215072A,2023-03-11,Nairobi,ICT,True
P240396099A,2020-08-03,Kiambu,Manufacturing,True
P446812876A,2020-07-10,Mombasa,Construction,True
P407866630A,2020-04-23,Kisumu,Financial Services,True
P932254519A,2024-06-22,Uasin Gishu,Manufacturing,True
P883018278A,2024-11-30,Machakos,Manufacturing,True
P457321964A,2022-08-04,Nairobi,Manufacturing,True
P360596200A,2023-03-20,Nairobi,Retail,True
P702653256A,2022-03-12,Mombasa,Construction,True
P907834068A,2020-06-05,Kilifi,ICT,True
P675798296A,2024-11-21,Mombasa,ICT,True
P434810587A,2020-06-30,Kiambu,Financial Services,True
P466841693A,2020-10-16,Kiambu,ICT,True
P598339091A,2020-09-24,Kajiado,ICT,True
P656762533A,2022-07-12,Mombasa,Retail,True
P383281098A,2020-09-24,Nairobi,Hospitality,True
P759412051A,2023-04-24,Kajiado,ICT,True
P790309434A,2020-11-17,Nairobi,Hospitality,True
P626835631A,2022-05-02,Nairobi,Construction,True
P581483419A,2022-04-22,Uasin Gishu,Construction,False
P222371821A,2020-06-15,Nyeri,Manufacturing,True
P384393401A,2022-03-26,Nairobi,Retail,True
P216444020A,2022-11-21,Machakos,ICT,False
P429869409A,2022-12-20,Mombasa,ICT,True
P979184850A,2024-11-04,Nairobi,Manufacturing,True
P428813946A,2020-05-08,Nairobi,Hospitality,True
P867189005A,2023-09-05,Kilifi,Manufacturing,True
P195983213A,2022-06-04,Kiambu,Retail,False
P518115885A,2024-03-11,Nakuru,Hospitality,False
P240441904A,2021-05-03,Kiambu,Hospitality,False
P210602601A,2022-08-31,Kilifi,Manufacturing,False
P532526232A,2022-11-18,Mombasa,Hospitality,True
P510927416A,2021-03-26,Kiambu,Manufacturing,True
P468885443A,2022-03-31,Nairobi,ICT,True
P798310460A,2020-11-09,Mombasa,Financial Services,True
P834488854A,2022-03-12,Mombasa,Construction,True
P440253908A,2020-12-21,Mombasa,ICT,False
P431764829A,2024-10-09,Nakuru,Construction,True
P301729464A,2021-10-18,Nairobi,Construction,True
P290182688A,2024-02-19,Nyeri,ICT,True
P999984208A,2022-03-02,Nairobi,ICT,True
P579451605A,2020-04-01,Mombasa,Financial Services,True
P499032870A,2022-03-31,Nyeri,Hospitality,True
P438712490A,2021-08-12,Nairobi,Hospitality,False
P810361981A,2022-09-11,Kiambu,Retail,True
P248330024A,2024-03-28,Nairobi,Construction,True
P224631633A,2020-06-04,Nairobi,Hospitality,True
P473177573A,2024-01-16,Nairobi,Financial Services,True
P990604544A,2022-10-14,Nyeri,Manufacturing,False
P254863130A,2023-09-18,Nairobi,Retail,True
P210900977A,2021-08-12,Nairobi,Hospitality,True
P631151144A,2023-01-30,Mombasa,Manufacturing,True
P719668466A,2022-01-30,Kilifi,Manufacturing,True
P997621809A,2020-03-29,Kiambu,Manufacturing,False
P358845236A,2024-08-15,Nairobi,Construction,True
P448421220A,2024-10-28,Nairobi,Manufacturing,True
P688889178A,2024-12-03,Nairobi,Manufacturing,True
P112998611A,2024-04-16,Kisumu,Retail,True
P840251257A,2021-07-04,Nairobi,ICT,False
P726257528A,2024-09-04,Kisumu,Financial Services,True
P689025043A,2020-10-31,Mombasa,Manufacturing,True
P931598377A,2021-04-21,Nyeri,Financial Services,True
P708461503A,2022-03-01,Kiambu,Construction,True
P167385337A,2022-01-02,Nairobi,Manufacturing,True
P161947430A,2023-01-30,Uasin Gishu,Retail,True
P411013953A,2023-09-12,Mombasa,ICT,True
P350135648A,2022-09-29,Kilifi,Manufacturing,True
P280689230A,2020-05-05,Nairobi,Manufacturing,True
P458504304A,2023-12-24,Kiambu,Retail,True
P529590766A,2024-01-23,Nairobi,Retail,True
P195926669A,2020-09-11,Nakuru,Financial Services,True
P668540292A,2022-12-16,Kiambu,Hospitality,True
P501521148A,2021-06-26,Nairobi,Construction,True
P801903461A,2023-09-15,Machakos,Retail,True
P232635380A,2022-09-09,Mombasa,Manufacturing,True
P174262602A,2021-12-16,Mombasa,Financial Services,False
